Index,Original_中轴承温度,Original_A相线温度,Original_电机前轴承温度,Original_垂直振动,Original_水平振动,Original_出口烟气温度,Reconstructed_中轴承温度,Reconstructed_A相线温度,Reconstructed_电机前轴承温度,Reconstructed_垂直振动,Reconstructed_水平振动,Reconstructed_出口烟气温度,Error_中轴承温度,Error_A相线温度,Error_电机前轴承温度,Error_垂直振动,Error_水平振动,Error_出口烟气温度,Threshold_中轴承温度,Threshold_A相线温度,Threshold_电机前轴承温度,Threshold_垂直振动,Threshold_水平振动,Threshold_出口烟气温度,Warning_中轴承温度,Warning_A相线温度,Warning_电机前轴承温度,Warning_垂直振动,Warning_水平振动,Warning_出口烟气温度
0,66.54763,70.41333,66.57374,0.33577502,0.32356495,149.27263,66.09988,72.36412,66.84678,0.33632165,0.3242722,148.86153,0.447753596,1.950790483,0.27303887,0.000546632,0.000707236,0.411103511,0.447753596,1.950790483,0.27303887,0.000546632,0.000707236,0.411103511,FALSE,FALSE,FALSE,FALSE,FALSE,FALSE
1,66.54763,70.439445,66.57374,0.33577502,0.2869353,149.27263,66.23153,70.760155,67.07633,0.336079,0.2871046,149.27348,0.316100764,0.320709724,0.502592092,0.000303981,0.000169307,0.000853276,0.847390232,6.898955898,1.199408683,0.001283206,0.002340137,1.656432007,FALSE,FALSE,FALSE,FALSE,FALSE,FALSE
2,66.54763,70.46559,66.57374,0.34798512,0.2869353,149.37415,66.22112,70.93674,67.04898,0.34770355,0.28705412,149.42342,0.326507258,0.471147061,0.475240713,0.000281574,0.000118821,0.049266138,0.78602167,6.115251621,1.140867768,0.001226046,0.002214675,1.448120587,FALSE,FALSE,FALSE,FALSE,FALSE,FALSE
3,66.54763,70.46559,66.57374,0.37240526,0.31135547,149.47566,66.22497,71.60688,66.9213,0.37123957,0.3117846,149.3249,0.322662043,1.141290188,0.347562795,0.001165687,0.000429125,0.150754604,0.739937189,5.528558475,1.06156102,0.003097525,0.002013763,1.273997302,FALSE,FALSE,FALSE,FALSE,FALSE,FALSE
4,66.54763,70.49173,66.57374,0.47008532,0.33577502,149.5014,66.66126,71.30879,67.31002,0.4662873,0.33541274,149.82835,0.113632512,0.817062114,0.736280447,0.003798005,0.000362279,0.326953882,1.066233942,5.039800126,1.588249432,0.007427152,0.001840095,1.304662863,FALSE,FALSE,FALSE,FALSE,FALSE,FALSE
5,66.54763,70.51785,66.57374,0.33577502,0.32356495,149.55292,66.09065,72.47368,66.84572,0.33630645,0.32428175,149.16266,0.456977534,1.955828589,0.271978384,0.000531433,0.000716802,0.390261309,1.131964497,5.710428562,1.579761108,0.009868291,0.002069335,1.372273825,FALSE,FALSE,FALSE,FALSE,FALSE,FALSE
6,66.57374,70.54399,66.57374,0.33577502,0.31135547,149.65445,66.20424,71.9023,66.98581,0.33625337,0.31133118,149.48183,0.369501108,1.358307974,0.412069326,0.000478355,2.43E-05,0.172623218,1.084292466,5.448946936,1.493049829,0.009275361,0.002173558,1.286776224,FALSE,FALSE,FALSE,FALSE,FALSE,FALSE
7,66.57374,70.54399,66.57374,0.47008532,0.32356495,149.70596,66.551735,71.70806,67.23742,0.4673724,0.32390624,149.9468,0.022005076,1.164071218,0.663679128,0.002712932,0.000341293,0.240832603,1.311521971,5.173602955,1.592525825,0.009914528,0.002054656,1.222693569,FALSE,FALSE,FALSE,FALSE,FALSE,FALSE
8,66.57374,70.57013,66.57374,0.39682543,0.31135547,149.75748,66.1613,72.064735,66.9565,0.39534238,0.31198135,149.43887,0.412439341,1.494605413,0.382757192,0.00148305,0.00062588,0.318606709,1.300194725,5.059539762,1.532977273,0.009465803,0.002094068,1.202530341,FALSE,FALSE,FALSE,FALSE,FALSE,FALSE
9,66.57374,70.596275,66.57374,0.3601952,0.31135547,149.78325,66.20124,71.78012,66.95074,0.36007673,0.3115965,149.70445,0.37249946,1.18384585,0.376997,0.000118475,0.000241043,0.078797485,1.265031551,4.860550861,1.482184533,0.009295834,0.002021696,1.19098911,FALSE,FALSE,FALSE,FALSE,FALSE,FALSE
10,66.57374,70.6224,66.57374,0.43345508,0.31135547,149.91058,66.2388,72.18923,67.04606,0.4320738,0.3114012,149.73415,0.334939951,1.566831873,0.472318655,0.001381278,4.57E-05,0.176433882,1.223405585,4.808785446,1.438081781,0.008953327,0.002050706,1.145232951,FALSE,FALSE,FALSE,FALSE,FALSE,FALSE
11,66.57374,70.6224,66.57374,0.34798512,0.32356495,149.96211,66.1168,72.57558,66.86601,0.3484554,0.3242175,149.68039,0.456941599,1.953176782,0.292272573,0.000470279,0.000652548,0.281720596,1.238129992,5.003603819,1.429877311,0.00868606,0.002111604,1.122103488,FALSE,FALSE,FALSE,FALSE,FALSE,FALSE
12,66.57374,70.64854,66.57374,0.34798512,0.31135547,150.06367,66.17507,72.0248,66.96943,0.34845772,0.3116288,149.97643,0.398668284,1.376263162,0.395689016,0.000472604,0.000273319,0.087244829,1.217530866,4.869329646,1.390569392,0.008437097,0.002045649,1.110084781,FALSE,FALSE,FALSE,FALSE,FALSE,FALSE
13,66.57374,70.67468,66.57374,0.33577502,0.33577502,150.11522,65.97072,73.27126,66.721725,0.3363898,0.3373226,149.60764,0.603021616,2.596583123,0.147985464,0.00061479,0.001547573,0.507584502,1.334957772,5.574663329,1.469344741,0.008182547,0.003147203,1.256912512,FALSE,FALSE,FALSE,FALSE,FALSE,FALSE
14,66.57374,70.67468,66.57374,0.3601952,0.32356495,150.16678,66.25904,72.35073,66.91397,0.36038777,0.32408264,149.97083,0.314699167,1.676050896,0.340230947,0.000192572,0.000517693,0.195954805,1.301590571,5.485127714,1.43628411,0.008038746,0.003063358,1.221498388,FALSE,FALSE,FALSE,FALSE,FALSE,FALSE
15,66.57374,70.700806,66.57374,0.34798512,0.32356495,150.29413,66.10813,72.70678,66.86876,0.34832948,0.3241575,149.99796,0.465608591,2.00597348,0.295019155,0.000344364,0.000592556,0.296174678,1.29915934,5.526244207,1.4145712,0.007858476,0.00300073,1.201743928,FALSE,FALSE,FALSE,FALSE,FALSE,FALSE
16,66.57374,70.726944,66.57374,0.31135547,0.33577502,150.24411,65.91381,72.7725,66.70506,0.31179708,0.33775026,149.91534,0.65992927,2.045555084,0.131322866,0.000441612,0.001975236,0.328765762,1.417621501,5.566076947,1.464563208,0.007671995,0.003816905,1.192657317,FALSE,FALSE,FALSE,FALSE,FALSE,FALSE
17,66.57374,70.75309,66.59983,0.40903553,0.32356495,150.37146,66.31714,72.49183,67.01636,0.4074102,0.3240599,150.22778,0.256601328,1.738738918,0.416527422,0.001625326,0.000494954,0.143676797,1.399981279,5.488312157,1.437316254,0.007624873,0.003973385,1.172551478,FALSE,FALSE,FALSE,FALSE,FALSE,FALSE
18,66.57374,70.75309,66.59983,0.3601952,0.31135547,150.42305,66.17373,72.111626,66.95225,0.3602204,0.31185678,150.28627,0.400011057,1.358535671,0.35241762,2.52E-05,0.000501306,0.136779858,1.375261828,5.380273568,1.408836591,0.007557638,0.003880368,1.154471288,FALSE,FALSE,FALSE,FALSE,FALSE,FALSE
19,66.57374,70.779236,66.59983,0.34798512,0.2991454,150.52463,66.198204,71.76555,67.052635,0.34826308,0.29937038,150.35971,0.375535959,0.986312706,0.452805193,0.000277965,0.000224978,0.164919307,1.350082302,5.333086739,1.392035936,0.007427152,0.003816905,1.132793187,FALSE,FALSE,FALSE,FALSE,FALSE,FALSE
20,66.57374,70.80536,66.59983,0.33577502,0.32356495,150.55043,66.07994,72.820305,66.86285,0.33622783,0.32429436,150.16858,0.493799204,2.014944871,0.263016375,0.000452814,0.000729408,0.381850898,1.363880857,5.357888648,1.394488594,0.007435357,0.003821209,1.117215485,FALSE,FALSE,FALSE,FALSE,FALSE,FALSE
21,66.57374,70.8315,66.59983,0.421245,0.31135547,150.60202,66.156044,72.52533,67.02374,0.41956237,0.31168064,150.3203,0.417695994,1.69382959,0.423912676,0.00168263,0.000325175,0.281722759,1.366586454,4.969519149,1.375063187,0.007556605,0.00379499,1.060040604,FALSE,FALSE,FALSE,FALSE,FALSE,FALSE
22,66.57374,70.8315,66.59983,0.38461536,0.2869353,150.7294,65.9905,72.122284,66.98221,0.38308674,0.2870123,150.52226,0.583238596,1.290783936,0.382378252,0.001528619,7.70E-05,0.207137427,1.423757473,4.585399202,1.358980477,0.007593689,0.003806923,1.012817805,FALSE,FALSE,FALSE,FALSE,FALSE,FALSE
23,66.57374,70.85764,66.59983,0.33577502,0.31135547,150.7294,66.13391,72.29476,66.970924,0.3361399,0.31152722,150.54462,0.439828867,1.437121658,0.371094377,0.000364868,0.000171752,0.184783301,1.425862072,4.528402577,1.359009886,0.007615388,0.003838594,1.006011046,FALSE,FALSE,FALSE,FALSE,FALSE,FALSE
24,66.57374,70.88379,66.59983,0.33577502,0.31135547,150.83102,66.127106,72.320984,66.96783,0.33614212,0.31154138,150.63951,0.446634287,1.437193887,0.367996843,0.000367103,0.000185908,0.191508892,1.335279167,4.298026428,1.150965246,0.005628783,0.003861997,0.991421106,FALSE,FALSE,FALSE,FALSE,FALSE,FALSE
25,66.57374,70.90991,66.59983,0.3601952,0.33577502,150.83102,66.125496,73.40165,66.77558,0.36066934,0.33745515,150.39722,0.448244089,2.491739475,0.17575136,0.000474145,0.001680133,0.433803203,1.333922469,4.60664714,1.186042211,0.005634005,0.004355975,1.018144079,FALSE,FALSE,FALSE,FALSE,FALSE,FALSE
26,66.57374,70.90991,66.59983,0.3601952,0.31135547,150.90685,66.1529,72.37735,66.949814,0.3603452,0.31203935,150.73811,0.420839304,1.467439854,0.349983843,0.000150015,0.000683876,0.168736597,1.333737231,4.590536995,1.177918669,0.005693538,0.004290422,1.018821066,FALSE,FALSE,FALSE,FALSE,FALSE,FALSE
27,66.54763,70.93606,66.59983,0.33577502,0.31135547,150.88104,66.11901,72.32787,66.96147,0.33614755,0.31156704,150.69995,0.428619075,1.39181323,0.361641558,0.000372527,0.000211568,0.181088828,1.094727994,4.528078726,0.99183161,0.004449086,0.004311446,1.021168086,FALSE,FALSE,FALSE,FALSE,FALSE,FALSE
28,66.57374,70.962204,66.59983,0.421245,0.31135547,150.93106,66.13035,72.696365,67.025764,0.41948396,0.31174085,150.65367,0.443391794,1.734161356,0.425934465,0.00176104,0.000385375,0.277388735,1.095175767,4.529182026,1.004735802,0.004636659,0.004311712,1.010958044,FALSE,FALSE,FALSE,FALSE,FALSE,FALSE
29,66.57374,70.962204,66.59983,0.38461536,0.31135547,150.98111,66.03771,72.64971,66.94002,0.383064,0.31209245,150.57503,0.536027903,1.687507609,0.3401877,0.001551358,0.000736983,0.406082534,1.110860685,4.442305901,1.000156862,0.004835131,0.004303426,1.026218358,FALSE,FALSE,FALSE,FALSE,FALSE,FALSE
30,66.57374,70.98833,66.59983,0.33577502,0.31135547,150.9553,66.12547,72.378136,66.9722,0.33615494,0.3115819,150.76602,0.448266978,1.389805681,0.372368486,0.000379918,0.00022644,0.189278271,1.091572243,4.46787031,0.961508225,0.004675059,0.004254775,1.023989172,FALSE,FALSE,FALSE,FALSE,FALSE,FALSE
31,66.57374,71.01447,66.59983,0.34798512,0.2991454,150.98111,66.19309,72.00083,67.05156,0.34834367,0.2995358,150.80411,0.380647654,0.986361604,0.451729448,0.00035855,0.000390411,0.177002334,1.096987253,4.584022472,0.991352983,0.004687618,0.00425632,1.025619993,FALSE,FALSE,FALSE,FALSE,FALSE,FALSE
32,66.57374,71.01447,66.59983,0.33577502,0.31135547,151.03113,66.12101,72.399994,66.970634,0.3361575,0.31159458,150.83777,0.452730173,1.385523896,0.37080446,0.000382481,0.000239106,0.193361445,1.094731563,4.582442488,0.985985981,0.004696673,0.004262536,0.992700928,FALSE,FALSE,FALSE,FALSE,FALSE,FALSE
33,66.57374,71.04062,66.59983,0.3601952,0.2991454,151.03113,66.17606,72.17337,67.00495,0.3600015,0.30010304,150.85182,0.397676462,1.132750361,0.405121477,0.000193696,0.000957639,0.179308101,1.039259977,4.165084944,0.925530023,0.00474109,0.003951842,0.856554513,FALSE,FALSE,FALSE,FALSE,FALSE,FALSE
34,66.57374,71.066765,66.59983,0.33577502,0.31135547,151.13278,66.116615,72.435265,66.970474,0.33616343,0.3116171,150.93646,0.457124705,1.368499587,0.370644243,0.000388411,0.000261636,0.196317598,1.010740448,4.160826317,0.927337892,0.004707519,0.003970894,0.856514426,FALSE,FALSE,FALSE,FALSE,FALSE,FALSE
35,66.57374,71.066765,66.59983,0.3601952,0.31135547,151.10696,66.1503,72.49573,66.9567,0.360387,0.3121621,150.92581,0.423440928,1.428962539,0.356873186,0.000191797,0.000806631,0.181148232,1.009014512,4.03065593,0.922381287,0.004735905,0.004003706,0.848184489,FALSE,FALSE,FALSE,FALSE,FALSE,FALSE
36,66.57374,71.09289,66.62594,0.39682543,0.31135547,151.1828,66.05407,72.852875,66.96707,0.39507335,0.31218502,150.84044,0.519670481,1.759984756,0.341131533,0.001752076,0.000829549,0.342361157,0.900980293,3.903788344,0.800263558,0.005121957,0.003126233,0.854612203,FALSE,FALSE,FALSE,FALSE,FALSE,FALSE
37,66.57374,71.11903,66.62594,0.32356495,0.2991454,151.157,66.189,71.9433,67.1018,0.32371822,0.29897,150.88083,0.384737009,0.82426834,0.475859011,0.00015327,0.000175386,0.276171143,0.814153288,4.046137378,0.828899532,0.004867591,0.003159441,0.84819461,FALSE,FALSE,FALSE,FALSE,FALSE,FALSE
38,66.57374,71.11903,66.62594,0.33577502,0.2869353,151.1312,66.2398,71.5253,67.141365,0.33615124,0.287202,150.96718,0.3339405,0.406269072,0.515425051,0.000376222,0.000266701,0.164021655,0.843526796,4.469206571,0.887020687,0.004790988,0.003169624,0.839682853,FALSE,FALSE,FALSE,FALSE,FALSE,FALSE
39,66.57374,71.14518,66.62594,0.32356495,0.2991454,151.18124,66.18934,71.95607,67.10327,0.32372233,0.29898265,150.9052,0.384401316,0.810889946,0.477331484,0.000157383,0.00016275,0.276042856,0.840544428,4.533216639,0.898484735,0.004816732,0.003182814,0.835356187,FALSE,FALSE,FALSE,FALSE,FALSE,FALSE
40,66.57374,71.1713,66.62594,0.34798512,0.31135547,151.15544,66.14717,72.58987,66.99381,0.3483698,0.3118995,150.96243,0.426568979,1.418566638,0.367872561,0.000384687,0.000544043,0.193007139,0.828735041,4.344519009,0.868596754,0.004822782,0.003144951,0.786492895,FALSE,FALSE,FALSE,FALSE,FALSE,FALSE
41,66.57374,71.1713,66.62594,0.3601952,0.32356495,151.15544,66.13106,73.01789,66.94026,0.3600423,0.32410368,150.87288,0.442682261,1.84659093,0.314321841,0.000152896,0.000538733,0.282560972,0.82852077,4.401834334,0.870622629,0.004454396,0.003147788,0.786713777,FALSE,FALSE,FALSE,FALSE,FALSE,FALSE
42,66.57374,71.19745,66.62594,0.39682543,0.31135547,151.20547,66.05928,72.89233,66.97518,0.3950901,0.31221795,150.8792,0.514459604,1.694876355,0.34924158,0.001735327,0.000862481,0.326273833,0.772580426,4.454649312,0.871168876,0.004602676,0.003167529,0.807939186,FALSE,FALSE,FALSE,FALSE,FALSE,FALSE
43,66.57374,71.2236,66.62594,0.33577502,0.2991454,151.1797,66.20713,72.07229,67.107,0.33602673,0.29927048,150.92932,0.366609568,0.848688513,0.481062258,0.000251708,0.000125081,0.250378711,0.785631533,4.542320802,0.901288289,0.004616062,0.003181263,0.803919901,FALSE,FALSE,FALSE,FALSE,FALSE,FALSE
44,66.57374,71.2236,66.62594,0.34798512,0.2991454,151.25554,66.21849,72.15005,67.06317,0.34843248,0.29972374,151.11996,0.355249399,0.926447302,0.437231387,0.000447361,0.000578344,0.1355754,0.799741972,4.588945098,0.910508154,0.004611546,0.00314844,0.820611427,FALSE,FALSE,FALSE,FALSE,FALSE,FALSE
45,66.57374,71.24975,66.62594,0.33577502,0.2991454,151.1797,66.20996,72.08064,67.10982,0.33603075,0.29928115,150.93335,0.363779063,0.8308927,0.483877505,0.000255731,0.00013575,0.246350391,0.806797749,4.016710814,0.819594411,0.00462902,0.00236576,0.720575706,FALSE,FALSE,FALSE,FALSE,FALSE,FALSE
46,66.57374,71.27587,66.62594,0.38461536,0.2869353,151.22974,65.986595,72.509254,67.037186,0.38309583,0.2871513,151.03345,0.587144846,1.233384456,0.411245669,0.001519529,0.000216007,0.196292734,0.890095942,3.985949806,0.813995372,0.004887639,0.002338864,0.714807454,FALSE,FALSE,FALSE,FALSE,FALSE,FALSE
47,66.57374,71.27587,66.62594,0.33577502,0.32356495,151.22974,66.07774,73.01583,66.89556,0.3362601,0.32450458,150.84816,0.49599647,1.739960994,0.269621218,0.00048509,0.000939634,0.38158021,0.903750491,4.097938272,0.856042994,0.004879184,0.00249098,0.767531971,FALSE,FALSE,FALSE,FALSE,FALSE,FALSE
48,66.57374,71.30202,66.62594,0.32356495,0.31135547,151.22974,66.12584,72.440155,67.00085,0.32401204,0.31142735,151.08543,0.447900767,1.138135029,0.374906863,0.000447091,7.19E-05,0.14430604,0.904212066,3.972463299,0.853266739,0.004412105,0.002563485,0.779193348,FALSE,FALSE,FALSE,FALSE,FALSE,FALSE
49,66.57374,71.30202,66.62594,0.38461536,0.31135547,151.27977,66.04016,72.89082,66.973915,0.38309702,0.3122649,150.89307,0.533578867,1.588803364,0.3479751,0.001518337,0.000909419,0.386703594,0.902794529,3.931334189,0.851319655,0.004389782,0.002645523,0.763737013,FALSE,FALSE,FALSE,FALSE,FALSE,FALSE
50,66.57374,71.32817,66.62594,0.32356495,0.2869353,151.25397,66.23654,71.480835,67.15279,0.3242161,0.2873287,151.04214,0.337198252,0.152664961,0.526846255,0.000651148,0.00039339,0.211825225,0.920631414,4.330486361,0.897524193,0.004391264,0.002623819,0.761015075,FALSE,FALSE,FALSE,FALSE,FALSE,FALSE
51,66.57374,71.354294,66.62594,0.37240526,0.2991454,151.25397,66.11353,72.535484,67.02561,0.37171847,0.30016497,151.02196,0.46020698,1.181190314,0.399671877,0.000686794,0.001019568,0.232012603,0.919783672,4.32517982,0.889445642,0.004391304,0.002809711,0.754792058,FALSE,FALSE,FALSE,FALSE,FALSE,FALSE
52,66.57374,71.354294,66.62594,0.3601952,0.31135547,151.2282,66.18211,72.61969,66.986305,0.36045367,0.31234798,151.07799,0.391626353,1.265395941,0.360365237,0.000258465,0.000992508,0.150212329,0.920036186,4.305502355,0.890962102,0.004408213,0.002923873,0.766464573,FALSE,FALSE,FALSE,FALSE,FALSE,FALSE
53,66.57374,71.38045,66.652054,0.32356495,0.2991454,151.30403,66.21127,72.07784,67.13432,0.32374993,0.29906946,151.03413,0.362466807,0.697392712,0.48226912,0.00018498,7.59E-05,0.269896089,0.927241529,4.370931844,0.909791684,0.004410127,0.002880275,0.764407302,FALSE,FALSE,FALSE,FALSE,FALSE,FALSE
54,66.57374,71.38045,66.652054,0.32356495,0.32356495,151.30403,66.072296,72.9017,66.90461,0.3242848,0.3247164,150.91037,0.501443857,1.521252881,0.25255568,0.000719842,0.001151439,0.393660127,0.940189426,4.412028865,0.955636411,0.004414922,0.003094992,0.817720006,FALSE,FALSE,FALSE,FALSE,FALSE,FALSE
55,66.57374,71.40659,66.652054,0.33577502,0.2869353,151.35408,66.279465,71.677376,67.17162,0.3362097,0.2873157,151.22667,0.294275278,0.270785793,0.51956923,0.000434694,0.000380396,0.127410688,0.976137884,4.600653056,0.987385379,0.004377292,0.003046678,0.837480134,FALSE,FALSE,FALSE,FALSE,FALSE,FALSE
56,66.57374,71.40659,66.652054,0.34798512,0.2869353,151.32828,66.309044,71.89797,67.16528,0.34800667,0.28738862,151.24454,0.264696116,0.491382107,0.513229203,2.15E-05,0.000453323,0.083742646,0.99339353,4.4919134,1.005923846,0.003925029,0.002978124,0.856458739,FALSE,FALSE,FALSE,FALSE,FALSE,FALSE
57,66.57374,71.43274,66.652054,0.33577502,0.31135547,151.32828,66.154335,72.6484,67.02514,0.33618695,0.3117451,151.14763,0.419404978,1.215659353,0.373084855,0.000411925,0.000389637,0.180651216,0.99344706,4.501758927,0.99683089,0.003886734,0.00294028,0.85383649,FALSE,FALSE,FALSE,FALSE,FALSE,FALSE
58,66.57374,71.43274,66.652054,0.34798512,0.2991454,151.37833,66.246254,72.26483,67.08617,0.3484653,0.2998467,151.27306,0.327486033,0.832091543,0.434112382,0.000480174,0.000701309,0.10527397,0.995440325,4.379003752,0.970073992,0.00388182,0.002945314,0.873049105,FALSE,FALSE,FALSE,FALSE,FALSE,FALSE
59,66.57374,71.45887,66.652054,0.33577502,0.2991454,151.30249,66.239944,72.197495,67.13434,0.33606914,0.2994148,151.08427,0.333795542,0.738624507,0.482284379,0.000294117,0.000269414,0.218215708,1.004432974,4.392278886,0.971882859,0.003853698,0.002915174,0.865680349,FALSE,FALSE,FALSE,FALSE,FALSE,FALSE
60,66.57374,71.45887,66.652054,0.31135547,0.2991454,151.35254,66.20308,71.80434,67.15003,0.31130838,0.29874843,151.05232,0.370660776,0.345466548,0.497978043,4.71E-05,0.000396966,0.300217612,1.004298295,4.475804959,0.9901731,0.003923686,0.002917579,0.878592726,FALSE,FALSE,FALSE,FALSE,FALSE,FALSE
61,66.57374,71.45887,66.652054,0.2991454,0.27472523,151.35254,66.285805,70.73109,67.20921,0.29948354,0.27569583,151.47649,0.287935251,0.727783269,0.557159257,0.000338138,0.000970601,0.123946206,1.021591224,4.17844543,1.017021083,0.003890217,0.003033977,0.885161045,FALSE,FALSE,FALSE,FALSE,FALSE,FALSE
62,66.57374,71.45887,66.652054,0.33577502,0.2991454,151.32675,66.239174,72.20283,67.132286,0.33607188,0.2994248,151.10951,0.334566111,0.743957454,0.480232072,0.000296859,0.000279397,0.217237671,0.991808606,3.923134602,1.014468965,0.003235445,0.002984858,0.85825412,FALSE,FALSE,FALSE,FALSE,FALSE,FALSE
63,66.57374,71.45887,66.652054,0.31135547,0.31135547,151.40259,66.13059,72.2451,67.027725,0.31151456,0.31143317,151.20575,0.443147654,0.786231929,0.37567122,0.000159086,7.77E-05,0.196840488,0.999185291,3.925498992,1.010679003,0.003254292,0.003002609,0.854076333,FALSE,FALSE,FALSE,FALSE,FALSE,FALSE
64,66.57374,71.45887,66.652054,0.31135547,0.2869353,151.40259,66.22589,71.36989,67.170074,0.31183064,0.28711572,151.21216,0.347848887,0.088981694,0.518020463,0.00047517,0.000180423,0.190431797,1.000159278,4.145879735,1.030683939,0.003255123,0.003034586,0.845239207,FALSE,FALSE,FALSE,FALSE,FALSE,FALSE
65,66.57374,71.45887,66.652054,0.33577502,0.2869353,151.42839,66.28543,71.70702,67.17428,0.3362217,0.2873413,151.30614,0.288309092,0.248153621,0.522224259,0.000446675,0.000405997,0.122252915,1.017033406,4.258791339,1.043577889,0.003240817,0.002984351,0.853908511,FALSE,FALSE,FALSE,FALSE,FALSE,FALSE
66,66.57374,71.485016,66.67816,0.33577502,0.2869353,151.42839,66.29715,71.73891,67.18678,0.33621842,0.28735158,151.30708,0.276590342,0.25389086,0.508622837,0.000443397,0.000416278,0.12130687,0.938584613,4.268397315,1.057400086,0.002625754,0.002952958,0.86486521,FALSE,FALSE,FALSE,FALSE,FALSE,FALSE
67,66.57374,71.45887,66.67816,0.32356495,0.27472523,151.40259,66.27211,71.18604,67.182144,0.32424533,0.27517828,151.45929,0.301630015,0.272827214,0.503984165,0.000680384,0.000453053,0.056699551,0.904397436,3.929164198,1.010477303,0.002666091,0.002834282,0.824214277,FALSE,FALSE,FALSE,FALSE,FALSE,FALSE
68,66.57374,71.45887,66.67816,0.2991454,0.27472523,151.45265,66.29304,70.775856,67.21364,0.299476,0.2757078,151.57108,0.280702585,0.683013982,0.535478306,0.000330598,0.000982581,0.118425439,0.894292348,3.836723551,1.018247388,0.00266788,0.00288472,0.828990212,FALSE,FALSE,FALSE,FALSE,FALSE,FALSE
69,66.57374,71.45887,66.67816,0.33577502,0.27472523,151.47845,66.28876,71.38336,67.18264,0.33618632,0.27497634,151.55153,0.284982676,0.075508184,0.504480076,0.0004113,0.000251113,0.073078931,0.810338732,3.555305001,0.999344676,0.001770499,0.002815111,0.752213568,FALSE,FALSE,FALSE,FALSE,FALSE,FALSE
70,66.57374,71.45887,66.67816,0.33577502,0.2991454,151.47845,66.24548,72.25328,67.13141,0.33609077,0.29948232,151.26122,0.328256602,0.79441064,0.453248691,0.000315753,0.000336916,0.21723479,0.810492211,3.49143383,0.987123639,0.001689613,0.002821189,0.753413572,FALSE,FALSE,FALSE,FALSE,FALSE,FALSE
71,66.57374,71.45887,66.67816,0.2991454,0.2869353,151.47845,66.2414,70.99981,67.186134,0.2991503,0.28699288,151.3903,0.332338328,0.459060735,0.507974338,4.89E-06,5.76E-05,0.088145435,0.765056178,3.340403084,0.985981621,0.001667059,0.002716863,0.753180301,FALSE,FALSE,FALSE,FALSE,FALSE,FALSE
72,66.57374,71.43274,66.67816,0.32356495,0.27472523,151.47845,66.26996,71.187515,67.17661,0.32426006,0.27517545,151.5279,0.303781504,0.245224741,0.498452854,0.000695106,0.000450222,0.049443066,0.754808645,3.139430105,0.963198954,0.001790234,0.002518712,0.775637629,FALSE,FALSE,FALSE,FALSE,FALSE,FALSE
73,66.57374,71.43274,66.67816,0.33577502,0.2991454,151.5285,66.2412,72.249466,67.12431,0.33609894,0.29949012,151.30867,0.332536692,0.816725942,0.446153354,0.000323919,0.000344724,0.219829956,0.75080796,3.166190194,0.96341237,0.001770564,0.002456512,0.755858078,FALSE,FALSE,FALSE,FALSE,FALSE,FALSE
74,66.57374,71.43274,66.67816,0.2991454,0.27472523,151.5285,66.28941,70.775566,67.20713,0.2994695,0.2756913,151.6392,0.284326548,0.657173899,0.528970432,0.000324101,0.000966071,0.110705933,0.643718131,2.633672587,0.826279033,0.001628994,0.002299754,0.609375432,FALSE,FALSE,FALSE,FALSE,FALSE,FALSE
75,66.59983,71.40659,66.67816,0.31135547,0.2991454,151.50272,66.20439,71.85683,67.15769,0.31129882,0.29873905,151.15555,0.395438521,0.450236782,0.479531956,5.67E-05,0.000406354,0.347171904,0.664473974,2.603474924,0.820556094,0.001675932,0.002299467,0.712813123,FALSE,FALSE,FALSE,FALSE,FALSE,FALSE
76,66.59983,71.40659,66.67816,0.2869353,0.2869353,151.50272,66.26509,70.65318,67.20839,0.2869614,0.28725046,151.58215,0.334739058,0.753407017,0.530229282,2.61E-05,0.000315159,0.07943332,0.652605474,2.638596823,0.825856281,0.001673586,0.002302151,0.714056302,FALSE,FALSE,FALSE,FALSE,FALSE,FALSE
77,66.59983,71.40659,66.67816,0.39682543,0.2869353,151.50272,65.86522,72.89719,67.04955,0.39519346,0.2870883,151.23973,0.734610884,1.490596279,0.371392917,0.001631972,0.000153005,0.262989165,1.039008393,2.897951587,0.827198921,0.002809231,0.002338843,0.740955994,FALSE,FALSE,FALSE,FALSE,FALSE,FALSE
78,66.59983,71.40659,66.67816,0.2991454,0.31135547,151.57857,66.12355,71.879395,67.05479,0.2987846,0.31145886,151.23122,0.476279585,0.472804531,0.376626682,0.000360786,0.000103386,0.347353569,1.073815465,2.84563199,0.856574784,0.002799016,0.002311631,0.811962681,FALSE,FALSE,FALSE,FALSE,FALSE,FALSE
79,66.59983,71.38045,66.704254,0.31135547,0.26251513,151.50272,66.2811,71.01649,67.23657,0.31149113,0.2633046,151.69809,0.318732588,0.363962878,0.532318266,0.000135662,0.000789461,0.1953696,1.074471836,2.82466653,0.866427275,0.002817878,0.002420839,0.807745343,FALSE,FALSE,FALSE,FALSE,FALSE,FALSE
80,66.59983,71.38045,66.704254,0.32356495,0.2869353,151.57857,66.27774,71.644005,67.18211,0.3242364,0.2873866,151.35216,0.322089521,0.263554822,0.477859647,0.000671443,0.000451296,0.226412407,1.072931435,2.841054993,0.865158615,0.002828866,0.002423957,0.776392009,FALSE,FALSE,FALSE,FALSE,FALSE,FALSE
81,66.59983,71.38045,66.704254,0.3601952,0.27472523,151.50272,66.22318,71.984375,67.14381,0.35930812,0.27445894,151.52611,0.376647322,0.603925,0.439552458,0.000887076,0.000266285,0.023387788,1.071087253,2.816471024,0.846789272,0.002963007,0.002188571,0.808286701,FALSE,FALSE,FALSE,FALSE,FALSE,FALSE
82,66.59983,71.354294,66.704254,0.32356495,0.2869353,151.57857,66.275,71.636086,67.17944,0.3242315,0.28737664,151.34799,0.324828474,0.28179151,0.475189359,0.000666555,0.000441342,0.230578057,1.071447483,2.79424731,0.846595986,0.002995565,0.002190368,0.812068139,FALSE,FALSE,FALSE,FALSE,FALSE,FALSE
83,66.59983,71.354294,66.704254,0.32356495,0.27472523,151.57857,66.27734,71.2208,67.181435,0.3242756,0.2751617,151.60039,0.32248625,0.133491693,0.477180631,0.000710663,0.000436483,0.021817573,1.052062723,2.780685559,0.81115182,0.003006146,0.002134801,0.836328628,FALSE,FALSE,FALSE,FALSE,FALSE,FALSE
84,66.59983,71.354294,66.704254,0.32356495,0.2869353,151.57857,66.275,71.636086,67.17944,0.3242315,0.28737664,151.34799,0.324828474,0.28179151,0.475189359,0.000666555,0.000441342,0.230578057,1.05184697,2.729032529,0.804622312,0.003031983,0.002107263,0.84630384,FALSE,FALSE,FALSE,FALSE,FALSE,FALSE
85,66.59983,71.32817,66.704254,0.33577502,0.27472523,151.57857,66.29278,71.40407,67.183586,0.33618802,0.274942,151.61928,0.307051985,0.075897993,0.479332121,0.000412998,0.000216781,0.040707954,1.049451677,2.779715308,0.795885299,0.003032245,0.002127684,0.863661575,FALSE,FALSE,FALSE,FALSE,FALSE,FALSE
86,66.59983,71.32817,66.704254,0.33577502,0.2869353,151.55278,66.298454,71.75371,67.184586,0.33620235,0.28730795,151.3869,0.301375715,0.425537886,0.480331571,0.000427333,0.000372648,0.165878145,1.045389051,2.762866618,0.791071409,0.003032263,0.002126675,0.864233119,FALSE,FALSE,FALSE,FALSE,FALSE,FALSE
87,66.59983,71.32817,66.704254,0.2991454,0.2869353,151.62862,66.24189,71.00762,67.18247,0.2991721,0.28695244,151.49431,0.357940046,0.320548235,0.478218229,2.67E-05,1.71E-05,0.134311528,1.043942826,2.755587301,0.7870761,0.003073689,0.00220719,0.851022644,FALSE,FALSE,FALSE,FALSE,FALSE,FALSE
88,66.62594,71.30202,66.704254,0.38461536,0.32356495,151.55278,66.2072,73.13719,67.01009,0.3835574,0.32483613,151.22273,0.418740903,1.835171772,0.305839689,0.001057951,0.001271185,0.330047456,1.047881105,3.618265993,0.858904261,0.003259742,0.00249132,0.90591419,FALSE,FALSE,FALSE,FALSE,FALSE,FALSE
89,66.62594,71.30202,66.704254,0.32356495,0.32356495,151.62862,66.068596,72.99965,66.921074,0.32421786,0.3246648,151.16283,0.557344114,1.697629048,0.216819914,0.000652906,0.001099851,0.465793462,1.114111665,4.079052076,0.995112637,0.00327953,0.002773957,1.036997926,FALSE,FALSE,FALSE,FALSE,FALSE,FALSE
90,66.62594,71.30202,66.704254,0.37240526,0.32356495,151.62862,66.17004,73.284386,66.98909,0.37209055,0.32439974,151.21378,0.455903684,1.982365681,0.284835966,0.000314712,0.00083479,0.414844365,1.127421836,4.722566795,1.044264573,0.003279654,0.002865578,1.115086978,FALSE,FALSE,FALSE,FALSE,FALSE,FALSE
91,66.62594,71.30202,66.704254,0.3601952,0.2869353,151.62862,66.25537,72.29983,67.11945,0.35986558,0.28756505,151.56628,0.370568906,0.997807576,0.41519943,0.000329624,0.000629753,0.06233582,1.125671174,4.760957407,1.031544157,0.003193564,0.00280753,1.122446296,FALSE,FALSE,FALSE,FALSE,FALSE,FALSE
92,66.62594,71.30202,66.704254,0.33577502,0.32356495,151.67868,66.082535,73.13829,66.9301,0.33621925,0.3246121,151.19667,0.54340521,1.836270405,0.225845487,0.000444231,0.001047161,0.482009468,1.16652841,5.118943393,1.093018053,0.00316762,0.00298371,1.208463539,FALSE,FALSE,FALSE,FALSE,FALSE,FALSE
93,66.62594,71.30202,66.73036,0.37240526,0.2991454,151.60283,66.12716,72.78107,67.07486,0.37176698,0.3002041,151.28934,0.498780881,1.479046895,0.344499619,0.000638276,0.001058698,0.313492842,1.184722134,5.281719766,1.098112807,0.003173528,0.003128754,1.223684954,FALSE,FALSE,FALSE,FALSE,FALSE,FALSE
94,66.62594,71.27587,66.73036,0.3601952,0.2869353,151.67868,66.26077,72.32903,67.125496,0.35988,0.2875725,151.60905,0.365167295,1.053162898,0.395135911,0.0003152,0.000637203,0.069625435,1.168223191,5.307089166,1.068518313,0.00317478,0.003032818,1.235212791,FALSE,FALSE,FALSE,FALSE,FALSE,FALSE
95,66.62594,71.30202,66.73036,0.34798512,0.31135547,151.67868,66.186134,72.80836,67.04638,0.34833196,0.3120151,151.39238,0.439805662,1.506337239,0.316019089,0.000346838,0.000659616,0.286300239,1.172063146,5.425569006,1.067286511,0.003098264,0.003039658,1.217635662,FALSE,FALSE,FALSE,FALSE,FALSE,FALSE
96,66.62594,71.30202,66.73036,0.39682543,0.31135547,151.65288,66.07236,73.22525,67.0237,0.39502552,0.31231678,151.30334,0.553582822,1.923230244,0.293336899,0.001799908,0.000961305,0.349535273,1.204963425,5.745148038,1.043874911,0.003709196,0.003110749,1.223379565,FALSE,FALSE,FALSE,FALSE,FALSE,FALSE
97,66.62594,71.30202,66.73036,0.3601952,0.32356495,151.72873,66.14032,73.29982,66.98292,0.36001503,0.32430258,151.33026,0.485620176,1.997799946,0.252557786,0.000180165,0.000737634,0.39846877,1.01615729,5.972632651,1.072652729,0.003237119,0.00304301,1.262007929,FALSE,FALSE,FALSE,FALSE,FALSE,FALSE
98,66.62594,71.30202,66.73036,0.37240526,0.33577502,151.62712,66.27492,73.54293,66.92866,0.37254247,0.33700338,151.29095,0.351022397,2.240910603,0.198297532,0.000137211,0.00122836,0.33616541,1.004365395,6.35000229,1.123061677,0.003287216,0.003115572,1.258638312,FALSE,FALSE,FALSE,FALSE,FALSE,FALSE
99,66.62594,71.30202,66.73036,0.32356495,0.31135547,151.70296,66.13999,72.656456,67.04188,0.32394767,0.31144485,151.45602,0.48594824,1.354435994,0.311517747,0.000382718,8.94E-05,0.24693583,1.011593811,6.2903675,1.074575922,0.003233991,0.003235857,1.258809383,FALSE,FALSE,FALSE,FALSE,FALSE,FALSE
100,66.62594,71.30202,66.73036,0.3601952,0.32356495,151.72873,66.14032,73.29982,66.98292,0.36001503,0.32430258,151.33026,0.485620176,1.997799946,0.252557786,0.000180165,0.000737634,0.39846877,1.014058898,6.354233044,1.060356097,0.003261776,0.003234209,1.295223863,FALSE,FALSE,FALSE,FALSE,FALSE,FALSE
101,66.62594,71.32817,66.73036,0.33577502,0.32356495,151.8046,66.08424,73.176056,66.939545,0.33620566,0.32463887,151.29924,0.541696226,1.847885908,0.209184678,0.000430641,0.001073923,0.505359888,1.048463023,6.41254228,1.069579126,0.00317927,0.003267275,1.321925195,FALSE,FALSE,FALSE,FALSE,FALSE,FALSE
102,66.62594,71.32817,66.73036,0.34798512,0.31135547,151.8046,66.1856,72.81429,67.041985,0.34832972,0.3120418,151.51302,0.440339719,1.486122908,0.311624558,0.000344603,0.000686319,0.291584253,1.033102216,6.227410288,1.030791444,0.003160895,0.003245451,1.322847145,FALSE,FALSE,FALSE,FALSE,FALSE,FALSE
103,66.62594,71.354294,66.73036,0.31135547,0.31135547,151.90625,66.121254,72.40014,67.04395,0.31147557,0.31138998,151.59032,0.504686033,1.045844855,0.313592942,0.000120105,3.45E-05,0.315933228,1.025871093,5.907383898,0.984285323,0.003164233,0.003404012,1.252761537,FALSE,FALSE,FALSE,FALSE,FALSE,FALSE
104,66.62594,71.354294,66.73036,0.32356495,0.31135547,151.90625,66.12275,72.69604,67.03642,0.32393447,0.31147435,151.63892,0.503190671,1.341743292,0.306062729,0.000369516,0.000118883,0.267333984,1.011577575,5.605490248,0.931241209,0.003131464,0.003505304,1.250393521,FALSE,FALSE,FALSE,FALSE,FALSE,FALSE
105,66.62594,71.354294,66.73036,0.38461536,0.31135547,151.90625,66.05376,73.23333,67.02362,0.38322598,0.31244633,151.41808,0.572183286,1.879035773,0.293260605,0.001389383,0.001090856,0.488174438,1.006407889,5.129419579,0.864982898,0.003547106,0.003515078,1.224170451,FALSE,FALSE,FALSE,FALSE,FALSE,FALSE
106,66.62594,71.38045,66.75648,0.33577502,0.32356495,151.88045,66.09286,73.22065,66.95375,0.3362057,0.32467514,151.3644,0.533082639,1.840199719,0.19727061,0.000430671,0.001110193,0.516054858,0.961694179,4.768703366,0.803331975,0.003547094,0.003554355,1.257053931,FALSE,FALSE,FALSE,FALSE,FALSE,FALSE
107,66.62594,71.38045,66.75648,0.3601952,0.31135547,151.95631,66.23039,72.85464,67.02509,0.36055374,0.3126399,151.66187,0.395547544,1.474187146,0.268613079,0.000358541,0.001284422,0.294444766,0.944447259,4.095529071,0.698838583,0.00347817,0.003457896,1.20997848,FALSE,FALSE,FALSE,FALSE,FALSE,FALSE
108,66.62594,71.40659,66.75648,0.3601952,0.33577502,151.93053,66.17185,73.881546,66.92855,0.35988224,0.33682933,151.37376,0.454087888,2.474956021,0.17207072,0.000312964,0.001054314,0.556765962,0.938702068,4.433131803,0.725823335,0.003317246,0.003374418,1.281923202,FALSE,FALSE,FALSE,FALSE,FALSE,FALSE
109,66.62594,71.40659,66.75648,0.34798512,0.31135547,151.93053,66.20028,72.86421,67.05418,0.34833497,0.3120965,151.63615,0.425660764,1.457622036,0.297696331,0.000349848,0.000741036,0.294375825,0.919165392,4.440456417,0.719022711,0.003292742,0.003313933,1.258757258,FALSE,FALSE,FALSE,FALSE,FALSE,FALSE
110,66.62594,71.43274,66.75648,0.39682543,0.2991454,152.0064,65.95581,73.33691,67.06295,0.39505967,0.3000717,151.46953,0.670129453,1.904166433,0.306470134,0.001765755,0.000926287,0.536871802,1.024204945,4.416472554,0.721609199,0.003993529,0.003326424,1.306738692,FALSE,FALSE,FALSE,FALSE,FALSE,FALSE
111,66.62594,71.43274,66.75648,0.38461536,0.2991454,152.0064,66.016716,73.17746,67.08675,0.38337436,0.3000748,151.53003,0.609223997,1.744719717,0.330266216,0.001240997,0.000929386,0.476370703,1.039339674,4.239567174,0.670818264,0.004188048,0.003334501,1.222641363,FALSE,FALSE,FALSE,FALSE,FALSE,FALSE
112,66.62594,71.45887,66.75648,0.33577502,0.2991454,152.08228,66.26885,72.383644,67.13711,0.33617496,0.2996693,151.82338,0.357087766,0.924774104,0.380627849,0.000399945,0.000523896,0.258900483,1.061538584,4.442367279,0.697469477,0.004190543,0.003314418,1.208323026,FALSE,FALSE,FALSE,FALSE,FALSE,FALSE
113,66.652054,71.485016,66.75648,0.34798512,0.31135547,152.08228,66.211464,72.905655,67.0617,0.34835103,0.31215227,151.7847,0.440590072,1.420638907,0.305218914,0.000365912,0.000796797,0.297581514,1.061762841,4.449745427,0.686223502,0.004189288,0.003262178,1.210061712,FALSE,FALSE,FALSE,FALSE,FALSE,FALSE
114,66.62594,71.485016,66.75648,0.33577502,0.31135547,152.08228,66.16547,72.858765,67.05181,0.33614212,0.31183797,151.80087,0.460473691,1.373748648,0.295331218,0.000367103,0.000482501,0.281407197,1.036958337,4.336952784,0.640446706,0.004183964,0.003286434,1.093510564,FALSE,FALSE,FALSE,FALSE,FALSE,FALSE
115,66.62594,71.485016,66.75648,0.34798512,0.32356495,152.15814,66.09542,73.3985,66.972786,0.34808606,0.32457432,151.61989,0.530519163,1.913482535,0.21630595,0.000100939,0.001009372,0.538251694,1.040430214,4.371700735,0.643627884,0.004227882,0.003325451,1.136897108,FALSE,FALSE,FALSE,FALSE,FALSE,FALSE
116,66.62594,71.51117,66.78257,0.33577502,0.31135547,152.15814,66.17671,72.89437,67.06164,0.3361399,0.31186298,151.872,0.449227964,1.383201033,0.279067878,0.000364868,0.000507505,0.286145981,1.02853641,4.352443034,0.64185,0.003553551,0.003318362,1.146851778,FALSE,FALSE,FALSE,FALSE,FALSE,FALSE
117,66.62594,71.51117,66.78257,0.3601952,0.2869353,152.15814,66.29059,72.554924,67.149574,0.36010447,0.2878578,152.1518,0.335351621,1.043754011,0.36700428,9.07E-05,0.000922501,0.006345566,1.067760486,4.400774178,0.671756206,0.00357385,0.003339723,1.317131683,FALSE,FALSE,FALSE,FALSE,FALSE,FALSE
118,66.62594,71.537315,66.78257,0.3601952,0.2869353,152.23401,66.29309,72.57394,67.15025,0.36013308,0.28789565,152.23329,0.33284918,1.036621462,0.367683296,6.21E-05,0.00096035,0.000718374,1.077141267,4.273564707,0.678221533,0.003592647,0.003237895,1.448975819,FALSE,FALSE,FALSE,FALSE,FALSE,FALSE
119,66.62594,71.537315,66.78257,0.33577502,0.2991454,152.25978,66.27987,72.43502,67.14343,0.33620515,0.29975557,152.0042,0.34607092,0.897705447,0.360862617,0.000430135,0.000610173,0.255583833,1.102384306,4.417255666,0.694972427,0.003592505,0.003034642,1.447611254,FALSE,FALSE,FALSE,FALSE,FALSE,FALSE
120,66.62594,71.563446,66.78257,0.33577502,0.2991454,152.33566,66.27915,72.44411,67.14007,0.3362213,0.29979044,152.0837,0.346788083,0.880661056,0.357498054,0.000446288,0.000645042,0.251965542,1.122134118,4.41615303,0.707224585,0.003569943,0.003038865,1.445069693,FALSE,FALSE,FALSE,FALSE,FALSE,FALSE
121,66.62594,71.563446,66.78257,0.33577502,0.31135547,152.25978,66.17955,72.90872,67.06123,0.33614305,0.3118937,151.97638,0.446389829,1.345275924,0.278663521,0.000368027,0.000538232,0.283400605,1.104977362,4.330467636,0.686902729,0.003571183,0.002985861,1.401515259,FALSE,FALSE,FALSE,FALSE,FALSE,FALSE
122,66.62594,71.58959,66.78257,0.33577502,0.2991454,152.33566,66.28187,72.45158,67.142944,0.33622417,0.29979968,152.0874,0.344072019,0.861986233,0.360374336,0.000449149,0.000654281,0.248257656,1.12320049,4.433299939,0.700072724,0.003568811,0.002987033,1.404758825,FALSE,FALSE,FALSE,FALSE,FALSE,FALSE
123,66.62594,71.58959,66.78257,0.40903553,0.2991454,152.33566,65.92072,73.61206,67.07618,0.40695918,0.29975736,151.86443,0.705217039,2.022470547,0.293609504,0.002076354,0.000611961,0.471234341,1.235430806,4.559946994,0.698897032,0.004455232,0.002713001,1.436288698,FALSE,FALSE,FALSE,FALSE,FALSE,FALSE
124,66.652054,71.615746,66.78257,0.33577502,0.2991454,152.41153,66.28936,72.47876,67.14894,0.33624128,0.29982814,152.15656,0.362693954,0.863013766,0.36637104,0.000466255,0.000682742,0.254974824,1.240331602,4.667135399,0.714251378,0.004449332,0.002433553,1.437598353,FALSE,FALSE,FALSE,FALSE,FALSE,FALSE
125,66.62594,71.615746,66.78257,0.37240526,0.31135547,152.41153,66.19955,73.16262,67.06071,0.37206602,0.313106,151.98705,0.426393186,1.546874544,0.278137092,0.000339239,0.00175053,0.424484712,1.210858774,4.576630725,0.715212124,0.004187829,0.002989871,1.415855,FALSE,FALSE,FALSE,FALSE,FALSE,FALSE
126,66.652054,71.64188,66.78257,0.32356495,0.31135547,152.41153,66.158325,72.88301,67.070564,0.32397372,0.31166744,152.1281,0.493728805,1.241130864,0.28799427,0.000408765,0.000311972,0.283432466,1.200348567,4.481884907,0.683038129,0.00418852,0.003046105,1.361273376,FALSE,FALSE,FALSE,FALSE,FALSE,FALSE
127,66.652054,71.64188,66.78257,0.32356495,0.2991454,152.41153,66.26504,72.40053,67.16436,0.32393646,0.29945368,152.08176,0.387016463,0.758647954,0.381790046,0.000371512,0.000308276,0.329773408,1.201479776,4.590991925,0.699038684,0.004187627,0.002971555,1.36271475,FALSE,FALSE,FALSE,FALSE,FALSE,FALSE
128,66.652054,71.66802,66.80868,0.3601952,0.2869353,152.46164,66.31925,72.66993,67.17685,0.36022392,0.28799313,152.45967,0.332801986,1.001909504,0.368169365,2.87E-05,0.001057833,0.001968979,1.21511129,3.997024488,0.640433956,0.004243036,0.002972948,1.365823554,FALSE,FALSE,FALSE,FALSE,FALSE,FALSE
129,66.652054,71.66802,66.80868,0.38461536,0.31135547,152.46164,66.12395,73.45706,67.074585,0.38355038,0.3127993,151.96483,0.528106856,1.789041768,0.265904961,0.001064984,0.001443835,0.496811509,1.231457247,4.113625263,0.649066659,0.004357253,0.003252428,1.422609334,FALSE,FALSE,FALSE,FALSE,FALSE,FALSE
130,66.62594,71.694176,66.80868,0.44566515,0.2991454,152.46164,65.98487,73.784256,67.16388,0.44359633,0.29920113,152.3121,0.641069089,2.090079981,0.355199395,0.002068817,5.57E-05,0.149536729,1.210250323,4.235353928,0.65419512,0.004632735,0.003437166,1.35599184,FALSE,FALSE,FALSE,FALSE,FALSE,FALSE
131,66.62594,71.694176,66.80868,0.38461536,0.2991454,152.46164,66.041214,73.39249,67.12954,0.38351387,0.3002125,151.96259,0.584726011,1.698310572,0.32085949,0.001101492,0.001067102,0.499054551,1.196635495,4.21651718,0.653653807,0.004573921,0.003476367,1.367994722,FALSE,FALSE,FALSE,FALSE,FALSE,FALSE
132,66.652054,71.72033,66.80868,0.37240526,0.31135547,152.5375,66.22148,73.24841,67.08492,0.37212914,0.31319872,152.10025,0.430572677,1.528083086,0.276242791,0.000276118,0.001843245,0.437249756,1.187888375,4.197936678,0.643072685,0.00458527,0.003992846,1.402303463,FALSE,FALSE,FALSE,FALSE,FALSE,FALSE
133,66.62594,71.72033,66.80868,0.34798512,0.2991454,152.6134,66.32809,72.58158,67.1343,0.34861952,0.30033883,152.45721,0.297853147,0.861251116,0.325620232,0.000634401,0.001193435,0.156185645,1.215284119,4.256531035,0.643430069,0.004587177,0.00406593,1.413980217,FALSE,FALSE,FALSE,FALSE,FALSE,FALSE
134,66.62594,71.74646,66.80868,0.33577502,0.2869353,152.5375,66.38174,72.091675,67.24178,0.3363331,0.28759933,152.37184,0.244203245,0.345214805,0.433103142,0.000558076,0.000664025,0.165658569,1.259207826,4.552258608,0.691048076,0.004582658,0.00403772,1.422533495,FALSE,FALSE,FALSE,FALSE,FALSE,FALSE
135,66.652054,71.74646,66.80868,0.34798512,0.2991454,152.66348,66.33687,72.60969,67.14231,0.34863243,0.30036002,152.50325,0.315185714,0.863227805,0.333631096,0.000647305,0.001214624,0.160229878,1.248471465,4.370440281,0.649523223,0.004532378,0.004090246,1.334171427,FALSE,FALSE,FALSE,FALSE,FALSE,FALSE
136,66.62594,71.772606,66.80868,0.37240526,0.2991454,152.58759,66.19575,73.15292,67.12373,0.37217742,0.30060217,152.31056,0.430192625,1.380317584,0.315053521,0.000227838,0.001456768,0.277027866,1.246220368,4.369888923,0.640709154,0.004552777,0.004214654,1.333214082,FALSE,FALSE,FALSE,FALSE,FALSE,FALSE
137,66.62594,71.772606,66.80868,0.34798512,0.31135547,152.66348,66.23549,73.01402,67.06928,0.3483639,0.3123693,152.38078,0.390451108,1.241416827,0.260602532,0.000378786,0.001013817,0.282696919,1.239786061,4.36959283,0.650840938,0.004497551,0.004223779,1.266910394,FALSE,FALSE,FALSE,FALSE,FALSE,FALSE
138,66.62594,71.79876,66.80868,0.33577502,0.2869353,152.68929,66.38317,72.11185,67.23782,0.33638218,0.2876706,152.52914,0.242768918,0.313086924,0.429143486,0.00060716,0.000735312,0.160145713,1.270025017,4.618343388,0.684705496,0.004418187,0.004221115,1.193443808,FALSE,FALSE,FALSE,FALSE,FALSE,FALSE
139,66.652054,71.79876,66.80868,0.37240526,0.2991454,152.68929,66.20459,73.18539,67.13134,0.37221876,0.30064392,152.40785,0.447464156,1.386626658,0.322660027,0.000186502,0.001498521,0.281437827,1.268972174,4.62622106,0.679998523,0.004459427,0.004357153,1.193914432,FALSE,FALSE,FALSE,FALSE,FALSE,FALSE
140,66.62594,71.82489,66.80868,0.33577502,0.31135547,152.76517,66.20987,73.01029,67.07488,0.33616593,0.31204933,152.4811,0.416070615,1.185402053,0.266202507,0.000390915,0.000693859,0.28407564,1.264198452,4.602194303,0.685984571,0.004464444,0.004349976,1.194327208,FALSE,FALSE,FALSE,FALSE,FALSE,FALSE
141,66.62594,71.82489,66.80868,0.34798512,0.31135547,152.73936,66.23833,73.02776,67.06986,0.34836987,0.3124012,152.46144,0.387612974,1.202873367,0.261182366,0.000384747,0.001045735,0.27791896,1.262111638,4.588605437,0.69179853,0.00446248,0.004315101,1.194076944,FALSE,FALSE,FALSE,FALSE,FALSE,FALSE
142,66.62594,71.82489,66.83479,0.33577502,0.2991454,152.73936,66.31112,72.582275,67.1613,0.33630866,0.300024,152.5182,0.31482092,0.757385391,0.326510659,0.000533638,0.000878603,0.221156265,1.268452368,4.61393659,0.685646451,0.004458749,0.004291931,1.196186536,FALSE,FALSE,FALSE,FALSE,FALSE,FALSE
143,66.652054,71.85104,66.83479,0.37240526,0.2869353,152.81526,66.20715,73.01415,67.197174,0.37181833,0.28778556,152.69101,0.44490068,1.163112527,0.362384072,0.000586926,0.00085026,0.124250479,1.120071876,4.301751258,0.690448646,0.003588878,0.004258391,1.154186115,FALSE,FALSE,FALSE,FALSE,FALSE,FALSE
144,66.62594,71.85104,66.83479,0.34798512,0.27472523,152.81526,66.42048,72.185074,67.23192,0.3481249,0.27536583,152.92168,0.205461179,0.334033853,0.397128335,0.000139772,0.000640599,0.106416636,1.174409678,4.498562213,0.703261329,0.003639767,0.004266757,1.179105909,FALSE,FALSE,FALSE,FALSE,FALSE,FALSE
145,66.62594,71.8772,66.83479,0.33577502,0.2869353,152.89116,66.39598,72.16647,67.24492,0.336434,0.28775793,152.73582,0.229959165,0.289273389,0.410128823,0.000658987,0.000822633,0.155335415,1.204659745,4.604247029,0.720670081,0.003641334,0.003982966,1.135517154,FALSE,FALSE,FALSE,FALSE,FALSE,FALSE
146,66.62594,71.8772,66.83479,0.32356495,0.2991454,152.89116,66.2843,72.50778,67.16731,0.3240434,0.29969174,152.58403,0.341638242,0.630581982,0.332522622,0.000478443,0.000546337,0.307129849,1.181425963,4.6253634,0.715367757,0.003637969,0.003893557,1.140156448,FALSE,FALSE,FALSE,FALSE,FALSE,FALSE
147,66.62594,71.90335,66.83479,0.33577502,0.2991454,152.89116,66.317276,72.60971,67.16119,0.33634728,0.3000964,152.67973,0.308663999,0.706360693,0.326396218,0.000572262,0.000950993,0.211426724,1.18501813,4.6339342,0.705845085,0.003631724,0.003734931,1.124330739,FALSE,FALSE,FALSE,FALSE,FALSE,FALSE
148,66.62594,71.90335,66.83479,0.32356495,0.2869353,152.96706,66.37697,71.98004,67.24484,0.32427245,0.2875934,152.73097,0.248971616,0.076691504,0.410052529,0.000707504,0.000658095,0.23608771,1.202255797,4.881822236,0.72276312,0.003537946,0.003756656,1.049550421,FALSE,FALSE,FALSE,FALSE,FALSE,FALSE
149,66.62594,71.92948,66.83479,0.33577502,0.2869353,152.96706,66.399216,72.18385,67.245605,0.3364614,0.28780147,152.81876,0.226724302,0.254373149,0.410815469,0.000686375,0.000866174,0.148303896,1.175834701,4.73747202,0.728326977,0.003428746,0.003619269,0.937467883,FALSE,FALSE,FALSE,FALSE,FALSE,FALSE
150,66.62594,71.92948,66.83479,0.3601952,0.2869353,152.96706,66.33017,72.770515,67.194405,0.36029768,0.2881665,152.9602,0.295770322,0.841035442,0.359614602,0.00010248,0.001231193,0.006854922,1.020834472,4.166146456,0.728935745,0.002138443,0.003300393,1.002633422,FALSE,FALSE,FALSE,FALSE,FALSE,FALSE
151,66.62594,71.92948,66.83479,0.37240526,0.2991454,153.04295,66.2231,73.24496,67.14026,0.37237173,0.30078915,152.78085,0.402841245,1.31547697,0.305468789,3.35E-05,0.001643748,0.262096729,0.896309981,3.949440902,0.73119727,0.001911667,0.003536997,0.856042998,FALSE,FALSE,FALSE,FALSE,FALSE,FALSE
152,66.62594,71.955635,66.8609,0.39682543,0.2991454,153.04295,65.99953,73.75947,67.15196,0.39534423,0.30031264,152.47519,0.626413022,1.803833079,0.29106228,0.001481202,0.001167238,0.567760791,1.053598985,4.140771423,0.72617144,0.002651838,0.003141284,0.994290374,FALSE,FALSE,FALSE,FALSE,FALSE,FALSE
153,66.62594,71.955635,66.8609,0.3601952,0.2991454,153.01715,66.324486,73.021736,67.14653,0.36052164,0.30091798,152.83356,0.301454221,1.066101145,0.285630151,0.000326444,0.001772583,0.183592871,1.053256716,4.16822686,0.733817176,0.002640629,0.003471902,0.991189603,FALSE,FALSE,FALSE,FALSE,FALSE,FALSE
154,66.62594,71.955635,66.8609,0.31135547,0.2991454,153.01715,66.288666,72.29291,67.20425,0.31160396,0.29928508,152.63869,0.337274229,0.337272715,0.343346521,0.000248493,0.000139684,0.378462866,1.04049044,4.170925457,0.700492779,0.002651345,0.003748807,1.032814899,FALSE,FALSE,FALSE,FALSE,FALSE,FALSE
155,66.652054,71.98179,66.8609,0.38461536,0.31135547,153.01715,66.18877,73.62414,67.10501,0.383912,0.31318218,152.53989,0.463287521,1.642347878,0.244110986,0.000703363,0.001826705,0.477263525,1.068792811,4.423927649,0.723557895,0.00266727,0.004051259,1.123519274,FALSE,FALSE,FALSE,FALSE,FALSE,FALSE
156,66.652054,71.98179,66.8609,0.3601952,0.2991454,152.99136,66.33281,73.051315,67.157524,0.36051315,0.30091295,152.80505,0.319244552,1.069525308,0.296624109,0.000317951,0.001767546,0.186306289,1.053742842,4.33351731,0.72577374,0.00265104,0.004212669,1.122480861,FALSE,FALSE,FALSE,FALSE,FALSE,FALSE
157,66.62594,71.98179,66.8609,0.34798512,0.2991454,153.06726,66.365265,72.71342,67.15809,0.3486825,0.30056494,152.93826,0.260675107,0.731627053,0.297188684,0.000697373,0.001419545,0.128997061,1.055831349,4.264033303,0.714827299,0.002686599,0.004286509,1.129202396,FALSE,FALSE,FALSE,FALSE,FALSE,FALSE
158,66.652054,71.98179,66.8609,0.31135547,0.2991454,153.16895,66.296074,72.323105,67.20709,0.31164318,0.29932186,152.77788,0.355980086,0.341314858,0.346192285,0.000287713,0.00017646,0.391072192,1.043624485,4.254478174,0.678962955,0.002683972,0.004503662,1.162811412,FALSE,FALSE,FALSE,FALSE,FALSE,FALSE
159,66.62594,72.00792,66.8609,0.33577502,0.2991454,153.01715,66.33665,72.66742,67.17759,0.33636588,0.30016583,152.81308,0.289292966,0.659499434,0.316689417,0.000590859,0.001020432,0.204070166,1.021051374,4.117946754,0.679088925,0.002659011,0.004395612,1.159388272,FALSE,FALSE,FALSE,FALSE,FALSE,FALSE
160,66.652054,72.00792,66.8609,0.32356495,0.2869353,153.16895,66.3991,72.05245,67.26254,0.32430872,0.28767312,152.93457,0.252952743,0.044532087,0.401642725,0.000743773,0.000737816,0.234379687,1.013052807,4.210531347,0.686899562,0.002701828,0.004388356,1.154522419,FALSE,FALSE,FALSE,FALSE,FALSE,FALSE
161,66.62594,72.00792,66.8609,0.31135547,0.2991454,153.16895,66.29143,72.31284,67.20126,0.31164426,0.2993381,152.7909,0.334512388,0.304923323,0.340363428,0.000288786,0.000192702,0.378056445,1.004203786,4.157167642,0.66904429,0.002716129,0.004570155,1.182530316,FALSE,FALSE,FALSE,FALSE,FALSE,FALSE
162,66.652054,72.00792,66.8609,0.32356495,0.2869353,153.16895,66.3991,72.05245,67.26254,0.32430872,0.28767312,152.93457,0.252952743,0.044532087,0.401642725,0.000743773,0.000737816,0.234379687,1.010787695,4.273481489,0.685137968,0.002755996,0.004578095,1.182555781,FALSE,FALSE,FALSE,FALSE,FALSE,FALSE
163,66.652054,72.03407,66.88699,0.33577502,0.2869353,153.16895,66.431786,72.288704,67.27525,0.33649874,0.28787544,153.01648,0.220268417,0.254633918,0.388263296,0.000723717,0.000940144,0.152470508,0.988617953,4.197080064,0.692209547,0.002782947,0.004578523,1.175759838,FALSE,FALSE,FALSE,FALSE,FALSE,FALSE
164,66.652054,72.03407,66.88699,0.40903553,0.2991454,153.24486,65.946754,74.00496,67.16076,0.40703037,0.29989427,152.73184,0.705299544,1.970889106,0.273768972,0.002005156,0.000748873,0.513017959,1.220925227,4.787636366,0.691956696,0.0037419,0.004563599,1.251417545,FALSE,FALSE,FALSE,FALSE,FALSE,FALSE
165,66.652054,72.03407,66.88699,0.31135547,0.31135547,153.24486,66.210594,72.84536,67.12388,0.31169757,0.31178957,152.86433,0.441459823,0.811289802,0.236888479,0.000342102,0.000434102,0.380525894,1.226519524,4.754927784,0.696826223,0.003754207,0.004632316,1.25949383,FALSE,FALSE,FALSE,FALSE,FALSE,FALSE
166,66.652054,72.03407,66.88699,0.33577502,0.2991454,153.24486,66.354225,72.71916,67.18872,0.3363881,0.3002184,153.02318,0.297828841,0.685091987,0.301730703,0.000613091,0.001073003,0.221681899,1.227874526,4.754631767,0.697907121,0.003754343,0.004603762,1.25795671,FALSE,FALSE,FALSE,FALSE,FALSE,FALSE
167,66.652054,72.06023,66.88699,0.33577502,0.2991454,153.24486,66.356834,72.726685,67.19146,0.33639264,0.30022785,153.02696,0.295219588,0.66645457,0.304469656,0.000617621,0.001082451,0.21789772,1.228910829,4.754146696,0.698721063,0.003755998,0.004613792,1.257286845,FALSE,FALSE,FALSE,FALSE,FALSE,FALSE
168,66.652054,72.06023,66.88699,0.3601952,0.2869353,153.21907,66.355156,72.897934,67.23016,0.3603187,0.28823462,153.18875,0.296898055,0.83770396,0.343173574,0.000123491,0.001299321,0.030318779,1.221108263,4.643278564,0.671866857,0.003810675,0.004637396,1.316221439,FALSE,FALSE,FALSE,FALSE,FALSE,FALSE
169,66.652054,72.06023,66.88699,0.34798512,0.2869353,153.29497,66.44544,72.60162,67.241005,0.34847298,0.28837276,153.2489,0.2066118,0.541393535,0.354014944,0.000487863,0.001437455,0.046068633,1.22765839,4.583773343,0.643835449,0.003799486,0.004714376,1.350516018,FALSE,FALSE,FALSE,FALSE,FALSE,FALSE
170,66.652054,72.06023,66.88699,0.3601952,0.31135547,153.29497,66.3084,73.3108,67.096535,0.36063403,0.3130843,152.95793,0.343650985,1.250568645,0.209544729,0.000438829,0.001728834,0.337038481,1.226057378,4.667842947,0.672975409,0.003733997,0.004880579,1.291720696,FALSE,FALSE,FALSE,FALSE,FALSE,FALSE
171,66.652054,72.06023,66.88699,0.3601952,0.2869353,153.29497,66.353455,72.899574,67.22846,0.360328,0.2882528,153.25749,0.29859941,0.83934428,0.341472219,0.000132789,0.001317501,0.037477935,1.219916313,4.559493592,0.676896006,0.003698429,0.004773029,1.345265417,FALSE,FALSE,FALSE,FALSE,FALSE,FALSE
172,66.652054,72.08638,66.88699,0.32356495,0.27472523,153.37088,66.436806,71.785095,67.297264,0.32447278,0.27560708,153.35857,0.215248275,0.301284785,0.410274099,0.000907835,0.000881849,0.012313716,1.091540613,4.177505439,0.708215986,0.003372234,0.004762464,1.266298152,FALSE,FALSE,FALSE,FALSE,FALSE,FALSE
173,66.652054,72.08638,66.88699,0.3601952,0.2869353,153.37088,66.35362,72.90918,67.2293,0.3603374,0.28827572,153.33003,0.298431563,0.822799687,0.342311453,0.000142206,0.001340419,0.040847651,1.091629972,4.124546445,0.707624795,0.00341639,0.004583684,1.300461132,FALSE,FALSE,FALSE,FALSE,FALSE,FALSE
174,66.652054,72.08638,66.88699,0.32356495,0.2991454,153.37088,66.32715,72.6445,67.19361,0.32416686,0.2998978,153.06465,0.324905563,0.558120732,0.306621145,0.000601914,0.00075239,0.306228511,1.090724785,4.092383836,0.705496791,0.003389994,0.004353968,1.277436036,FALSE,FALSE,FALSE,FALSE,FALSE,FALSE
175,66.652054,72.08638,66.88699,0.34798512,0.2869353,153.37088,66.44533,72.6122,67.240906,0.34848398,0.28839806,153.32175,0.206726241,0.525817876,0.353915762,0.00049886,0.001462757,0.049133174,1.062903799,3.693889393,0.691417253,0.003374184,0.004164077,1.206611507,FALSE,FALSE,FALSE,FALSE,FALSE,FALSE
176,66.652054,72.08638,66.88699,0.3601952,0.2869353,153.4468,66.35194,72.91079,67.227615,0.36034584,0.28829223,153.39879,0.30011766,0.82440949,0.340625356,0.00015064,0.001356929,0.048011548,1.061990603,3.622415516,0.690325754,0.003414069,0.003959815,1.228454227,FALSE,FALSE,FALSE,FALSE,FALSE,FALSE
177,66.652054,72.11251,66.88699,0.33577502,0.27472523,153.42099,66.46419,72.07184,67.30236,0.33652034,0.27556953,153.45287,0.187866378,0.040671621,0.415370535,0.000745324,0.000844298,0.031875601,1.078362526,3.728353384,0.71448331,0.003423307,0.003862429,1.250430142,FALSE,FALSE,FALSE,FALSE,FALSE,FALSE
178,66.652054,72.11251,66.88699,0.39682543,0.2869353,153.42099,65.933846,73.64247,67.20523,0.39559132,0.28759673,153.0686,0.71820848,1.529961313,0.318240713,0.001234111,0.000661432,0.352386484,1.323291024,4.053063019,0.713738326,0.003614032,0.003635515,1.23195722,FALSE,FALSE,FALSE,FALSE,FALSE,FALSE
179,66.652054,72.11251,66.88699,0.3601952,0.2991454,153.5227,66.335495,73.12611,67.16581,0.3606051,0.3010646,153.31567,0.316559005,1.013596262,0.278819631,0.000409891,0.00191921,0.207026172,1.323144574,4.110376166,0.720826073,0.00362025,0.004036048,1.232204908,FALSE,FALSE,FALSE,FALSE,FALSE,FALSE
180,66.652054,72.11251,66.88699,0.31135547,0.2869353,153.4468,66.395935,71.879135,67.29092,0.312003,0.28733498,153.14261,0.256118941,0.233374868,0.403926443,0.000647517,0.000399679,0.304191357,1.322737217,4.04166697,0.721963482,0.003607429,0.004149323,1.248361737,FALSE,FALSE,FALSE,FALSE,FALSE,FALSE
181,66.652054,72.11251,66.88699,0.3601952,0.31135547,153.4468,66.30574,73.326645,67.095146,0.36063725,0.31312206,153.10995,0.346313644,1.214134897,0.208156179,0.000442048,0.001766594,0.336845166,1.32374875,4.110164702,0.760142137,0.003585563,0.004111988,1.230191993,FALSE,FALSE,FALSE,FALSE,FALSE,FALSE
182,66.652054,72.138664,66.88699,0.34798512,0.2991454,153.5227,66.38679,72.80465,67.165276,0.34871694,0.30074334,153.4089,0.265266585,0.665985353,0.278285574,0.000731824,0.001597941,0.113794971,1.322273617,3.946794641,0.742155205,0.003583588,0.004181462,1.228769443,FALSE,FALSE,FALSE,FALSE,FALSE,FALSE
183,66.652054,72.138664,66.88699,0.44566515,0.2991454,153.5227,65.942986,74.26382,67.22721,0.4433173,0.29917133,153.29889,0.709068465,2.125152833,0.340220999,0.002347856,2.59E-05,0.22381084,1.490296084,4.538223966,0.726749182,0.004702682,0.004589459,1.232233663,FALSE,FALSE,FALSE,FALSE,FALSE,FALSE
184,66.652054,72.138664,66.88699,0.33577502,0.2991454,153.54851,66.36069,72.74467,67.18335,0.33641616,0.30031386,153.3396,0.291366744,0.606003053,0.296359609,0.000641135,0.00116846,0.208910391,1.316490364,4.024264962,0.723209613,0.004013112,0.004562409,1.0777813,FALSE,FALSE,FALSE,FALSE,FALSE,FALSE
185,66.652054,72.16482,66.88699,0.32356495,0.2869353,153.59863,66.41955,72.12463,67.26626,0.32439217,0.28783265,153.3772,0.232505965,0.040186211,0.37926824,0.00082722,0.000897348,0.221432734,1.29999109,4.194291357,0.717160024,0.004022958,0.004422073,1.010759895,FALSE,FALSE,FALSE,FALSE,FALSE,FALSE
186,66.652054,72.16482,66.88699,0.45787525,0.2991454,153.59863,65.99161,74.34646,67.246506,0.4557284,0.2992362,153.47302,0.660446334,2.181638435,0.359515737,0.002146838,9.08E-05,0.125607539,1.448037651,4.898696298,0.7210971,0.004820708,0.004758716,1.003480046,FALSE,FALSE,FALSE,FALSE,FALSE,FALSE
187,66.652054,72.16482,66.91311,0.33577502,0.2869353,153.59863,66.450165,72.3644,67.276695,0.33663818,0.28805664,153.45737,0.201889205,0.199582771,0.363585251,0.000863162,0.001121342,0.141263057,1.4616462,4.987770214,0.725303078,0.004836043,0.004760643,0.99532314,FALSE,FALSE,FALSE,FALSE,FALSE,FALSE
188,66.652054,72.19097,66.93922,0.34798512,0.2991454,153.67456,66.40879,72.87671,67.18423,0.34872392,0.30081296,153.55931,0.243263412,0.685738984,0.24500699,0.000738798,0.00166756,0.115249087,1.466361227,4.984912586,0.742048221,0.004748979,0.004871212,0.976911226,FALSE,FALSE,FALSE,FALSE,FALSE,FALSE
189,66.652054,72.19097,66.93922,0.34798512,0.2991454,153.67456,66.40879,72.87671,67.18423,0.34872392,0.30081296,153.55931,0.243263412,0.685738984,0.24500699,0.000738798,0.00166756,0.115249087,1.459512955,4.974804065,0.752736442,0.004737919,0.004947341,0.962311117,FALSE,FALSE,FALSE,FALSE,FALSE,FALSE
190,66.652054,72.19097,66.93922,0.40903553,0.2991454,153.67456,65.96805,74.136795,67.19119,0.4071539,0.30000114,153.17815,0.684005904,1.945825044,0.251972627,0.001881626,0.000855744,0.496413638,1.599935292,5.317407731,0.731549798,0.005120382,0.004798844,1.085279604,FALSE,FALSE,FALSE,FALSE,FALSE,FALSE
191,66.652054,72.21711,66.93922,0.34798512,0.2991454,153.67456,66.411316,72.884346,67.18685,0.34872708,0.30082124,153.56323,0.240738082,0.667236008,0.247631501,0.000741957,0.001675845,0.111327578,1.606139396,5.3178867,0.742140261,0.004998879,0.00491166,1.068089514,FALSE,FALSE,FALSE,FALSE,FALSE,FALSE
192,66.652054,72.21711,66.93922,0.40903553,0.2869353,153.75049,65.85775,73.96502,67.21076,0.4076024,0.28742382,153.42921,0.794304061,1.747909226,0.271542024,0.00143313,0.000488519,0.321275522,1.350082302,5.505973085,0.714072964,0.005114976,0.004997218,1.066869882,FALSE,FALSE,FALSE,FALSE,FALSE,FALSE
193,66.652054,72.24326,66.93922,0.3601952,0.2991454,153.64874,66.35783,73.23012,67.19711,0.36061502,0.30109748,153.43977,0.294227767,0.986857798,0.257893037,0.000419815,0.001952082,0.20896644,1.790557154,5.512838491,0.715126449,0.005024842,0.003816905,1.039487576,FALSE,FALSE,FALSE,FALSE,FALSE,FALSE
194,66.652054,72.24326,66.93922,0.3601952,0.2869353,153.72467,66.37276,73.02604,67.25803,0.36037245,0.28837353,153.66257,0.279297042,0.782779124,0.318813752,0.000177254,0.00143823,0.062102861,1.79411739,5.492254005,0.716059049,0.005133699,0.005252105,1.03575051,FALSE,FALSE,FALSE,FALSE,FALSE,FALSE
195,66.652054,72.26942,66.93922,0.44566515,0.2991454,153.8006,65.945564,74.423355,67.25562,0.44325182,0.29918283,153.556,0.70648973,2.153935103,0.316402864,0.002413332,3.74E-05,0.244600244,1.879845785,5.887973748,0.707828143,0.005777608,0.005488479,1.017469644,FALSE,FALSE,FALSE,FALSE,FALSE,FALSE
196,66.652054,72.26942,66.93922,0.37240526,0.2869353,153.75049,66.28386,73.28256,67.26305,0.37219664,0.28813958,153.65245,0.368194747,1.013142256,0.323826265,0.000208615,0.001204282,0.098039438,1.875634128,5.887474531,0.704275464,0.005755987,0.005463252,1.000199551,FALSE,FALSE,FALSE,FALSE,FALSE,FALSE
197,66.652054,72.26942,66.93922,0.34798512,0.2869353,153.75049,66.464294,72.73936,67.267105,0.34853947,0.2885147,153.6816,0.187759566,0.469936995,0.327885103,0.000554352,0.001579404,0.068895151,1.875667592,5.733272144,0.660730808,0.005779866,0.005549742,0.984160931,FALSE,FALSE,FALSE,FALSE,FALSE,FALSE
198,66.652054,72.26942,66.93922,0.34798512,0.2869353,153.75049,66.464294,72.73936,67.267105,0.34853947,0.2885147,153.6816,0.187759566,0.469936995,0.327885103,0.000554352,0.001579404,0.068895151,1.790119464,5.692124513,0.66263385,0.005770154,0.005588759,0.957295477,FALSE,FALSE,FALSE,FALSE,FALSE,FALSE
