timestamp,中轴承温度,A相线温度,电机前轴承温度,垂直振动,水平振动,出口烟气温度
26/05/2023 16:51,60.02801,55.289803,61.27879,0.27472523,0.26251513,133.1119
26/05/2023 16:52,60.02801,55.289803,61.27879,0.27472523,0.27472523,133.16296
26/05/2023 16:52,60.02801,55.289803,61.27879,0.27472523,0.26251513,133.26353
26/05/2023 16:52,60.02801,55.289803,61.27879,0.27472523,0.26251513,133.31462
26/05/2023 16:52,60.05407,55.289803,61.27879,0.2991454,0.27472523,133.44075
26/05/2023 16:52,60.05407,55.289803,61.27879,0.2869353,0.27472523,133.34178
26/05/2023 16:52,60.05407,55.289803,61.27879,0.2869353,0.27472523,133.54294
26/05/2023 16:53,60.05407,55.289803,61.27879,0.2869353,0.27472523,133.51903
26/05/2023 16:53,60.05407,55.289803,61.27879,0.2869353,0.27472523,133.51903
26/05/2023 16:53,60.05407,55.289803,61.27879,0.2869353,0.2869353,133.64517
26/05/2023 16:53,60.05407,55.289803,61.27879,0.2869353,0.2869353,133.64517
26/05/2023 16:53,60.05407,55.289803,61.27879,0.2991454,0.2869353,133.64517
26/05/2023 16:53,60.05407,55.315823,61.27879,0.2869353,0.27472523,133.64517
26/05/2023 16:54,60.05407,55.315823,61.27879,0.2869353,0.27472523,133.69467
26/05/2023 16:54,60.05407,55.315823,61.27879,0.2869353,0.27472523,133.66911
26/05/2023 16:54,60.05407,55.315823,61.27879,0.2869353,0.26251513,133.66911
26/05/2023 16:54,60.05407,55.315823,61.27879,0.2869353,0.27472523,133.64354
26/05/2023 16:54,60.05407,55.315823,61.27879,0.27472523,0.26251513,133.7186
26/05/2023 16:54,60.05407,55.341824,61.27879,0.2869353,0.25030506,133.69302
26/05/2023 16:55,60.05407,55.341824,61.27879,0.27472523,0.25030506,133.76808
26/05/2023 16:55,60.05407,55.341824,61.27879,0.2991454,0.26251513,133.74254
26/05/2023 16:55,60.05407,55.341824,61.27879,0.27472523,0.27472523,133.81758
26/05/2023 16:55,60.05407,55.341824,61.27879,0.2869353,0.26251513,133.81758
26/05/2023 16:55,60.05407,55.341824,61.27879,0.31135547,0.27472523,133.81758
26/05/2023 16:55,60.02801,55.341824,61.27879,0.2869353,0.27472523,133.81758
26/05/2023 16:56,60.02801,55.341824,61.30484,0.2991454,0.27472523,133.79202
26/05/2023 16:56,60.02801,55.341824,61.30484,0.2991454,0.27472523,133.76646
26/05/2023 16:56,60.02801,55.341824,61.30484,0.2991454,0.26251513,133.7904
26/05/2023 16:56,60.02801,55.341824,61.30484,0.2991454,0.2869353,133.73929
26/05/2023 16:56,60.02801,55.341824,61.30484,0.2869353,0.27472523,133.71376
26/05/2023 16:56,60.02801,55.341824,61.30484,0.2991454,0.26251513,133.6882
26/05/2023 16:57,60.02801,55.341824,61.30484,0.31135547,0.2869353,133.63712
26/05/2023 16:57,60.02801,55.315823,61.30484,0.2991454,0.26251513,133.68661
26/05/2023 16:57,60.02801,55.315823,61.30484,0.2869353,0.2869353,133.66106
26/05/2023 16:57,60.02801,55.315823,61.30484,0.2869353,0.27472523,133.58601
26/05/2023 16:57,60.02801,55.315823,61.30484,0.2991454,0.27472523,133.71057
26/05/2023 16:57,60.02801,55.315823,61.30484,0.2869353,0.2869353,133.63551
26/05/2023 16:58,60.02801,55.315823,61.30484,0.2869353,0.26251513,133.60999
26/05/2023 16:58,60.02801,55.289803,61.30484,0.27472523,0.27472523,133.68504
26/05/2023 16:58,60.02801,55.289803,61.30484,0.31135547,0.27472523,133.65948
26/05/2023 16:58,60.02801,55.289803,61.30484,0.2991454,0.27472523,133.63394
26/05/2023 16:58,60.02801,55.289803,61.30484,0.2991454,0.2869353,133.6084
26/05/2023 16:58,60.02801,55.289803,61.30484,0.2869353,0.27472523,133.55733
26/05/2023 16:59,60.02801,55.289803,61.30484,0.2869353,0.27472523,133.55733
26/05/2023 16:59,60.02801,55.263783,61.30484,0.2991454,0.26251513,133.55733
26/05/2023 16:59,60.02801,55.263783,61.30484,0.2991454,0.27472523,133.55733
26/05/2023 16:59,60.02801,55.263783,61.30484,0.2991454,0.2991454,133.68344
26/05/2023 16:59,60.02801,55.263783,61.30484,0.2869353,0.2869353,133.73453
26/05/2023 16:59,60.001953,55.23778,61.30484,0.2869353,0.27472523,133.78561
26/05/2023 17:00,60.001953,55.23778,61.30484,0.2991454,0.27472523,133.73611
26/05/2023 17:00,60.001953,55.21176,61.30484,0.31135547,0.2869353,133.83672
26/05/2023 17:00,60.001953,55.21176,61.30484,0.2991454,0.27472523,133.88782
26/05/2023 17:00,60.001953,55.21176,61.30484,0.31135547,0.27472523,133.86388
26/05/2023 17:00,60.001953,55.21176,61.30484,0.2869353,0.2991454,133.96446
26/05/2023 17:00,60.001953,55.18574,61.30484,0.2869353,0.2869353,134.0156
26/05/2023 17:01,60.001953,55.18574,61.30484,0.31135547,0.2869353,133.99164
26/05/2023 17:01,60.001953,55.18574,61.30484,0.2991454,0.27472523,134.09227
26/05/2023 17:01,60.001953,55.15972,61.30484,0.31135547,0.26251513,134.14339
26/05/2023 17:01,60.001953,55.15972,61.30484,0.2991454,0.2869353,134.19452
26/05/2023 17:01,60.001953,55.13372,61.30484,0.2991454,0.2869353,134.11945
26/05/2023 17:01,60.001953,55.13372,61.30484,0.2991454,0.2869353,134.19452
26/05/2023 17:02,60.001953,55.13372,61.30484,0.2869353,0.27472523,134.19452
26/05/2023 17:02,60.001953,55.1077,61.330906,0.31135547,0.2869353,134.19452
26/05/2023 17:02,60.001953,55.1077,61.30484,0.2869353,0.27472523,134.16895
26/05/2023 17:02,60.001953,55.1077,61.330906,0.2869353,0.2869353,134.14339
26/05/2023 17:02,60.001953,55.08168,61.30484,0.2991454,0.2869353,134.14339
26/05/2023 17:02,60.001953,55.08168,61.330906,0.2869353,0.27472523,134.11783
26/05/2023 17:03,60.001953,55.08168,61.330906,0.2869353,0.2869353,134.09227
26/05/2023 17:03,60.001953,55.05566,61.30484,0.32356495,0.27472523,134.14177
26/05/2023 17:03,60.001953,55.05566,61.330906,0.2991454,0.27472523,134.14177
26/05/2023 17:03,60.001953,55.029663,61.330906,0.2991454,0.26251513,134.14177
26/05/2023 17:03,60.001953,55.029663,61.330906,0.2991454,0.2869353,134.11621
26/05/2023 17:03,60.001953,55.029663,61.330906,0.2991454,0.27472523,134.19128
26/05/2023 17:04,60.001953,55.003643,61.330906,0.31135547,0.27472523,134.19128
26/05/2023 17:04,60.001953,55.003643,61.330906,0.2869353,0.27472523,134.11621
26/05/2023 17:04,60.001953,55.003643,61.330906,0.2991454,0.26251513,134.19128
26/05/2023 17:04,60.001953,54.977623,61.330906,0.2991454,0.27472523,134.19128
26/05/2023 17:04,60.001953,54.977623,61.330906,0.31135547,0.2869353,134.19128
26/05/2023 17:04,60.001953,54.977623,61.330906,0.2869353,0.27472523,134.19128
26/05/2023 17:05,60.001953,54.951626,61.330906,0.2991454,0.2869353,134.26636
26/05/2023 17:05,60.001953,54.951626,61.330906,0.2991454,0.27472523,134.16573
26/05/2023 17:05,60.001953,54.951626,61.330906,0.2869353,0.27472523,134.16573
26/05/2023 17:05,60.001953,54.925606,61.330906,0.2991454,0.27472523,134.16573
26/05/2023 17:05,60.001953,54.925606,61.330906,0.2991454,0.27472523,134.21523
26/05/2023 17:05,59.975914,54.925606,61.330906,0.2991454,0.27472523,134.14015
26/05/2023 17:06,60.001953,54.89959,61.330906,0.2991454,0.26251513,134.18965
26/05/2023 17:06,60.001953,54.89959,61.330906,0.2869353,0.27472523,134.1146
26/05/2023 17:06,60.001953,54.89959,61.330906,0.2869353,0.27472523,134.1146
26/05/2023 17:06,60.001953,54.89959,61.330906,0.27472523,0.27472523,134.16411
26/05/2023 17:06,60.001953,54.87357,61.330906,0.2991454,0.27472523,134.08905
26/05/2023 17:06,60.001953,54.87357,61.330906,0.2991454,0.27472523,134.16411
26/05/2023 17:07,60.001953,54.87357,61.330906,0.27472523,0.27472523,134.13855
26/05/2023 17:07,60.001953,54.87357,61.330906,0.2991454,0.27472523,134.13855
26/05/2023 17:07,60.001953,54.87357,61.330906,0.2869353,0.27472523,134.21362
26/05/2023 17:07,60.001953,54.87357,61.330906,0.2869353,0.26251513,134.13855
26/05/2023 17:07,60.001953,54.87357,61.330906,0.2869353,0.27472523,134.13855
26/05/2023 17:07,60.001953,54.87357,61.330906,0.27472523,0.26251513,134.16411
26/05/2023 17:08,60.001953,54.87357,61.330906,0.2869353,0.26251513,134.16411
26/05/2023 17:08,60.001953,54.87357,61.330906,0.2869353,0.27472523,134.26472
26/05/2023 17:08,60.001953,54.87357,61.330906,0.2991454,0.26251513,134.31586
26/05/2023 17:08,60.001953,54.87357,61.330906,0.2991454,0.26251513,134.34143
26/05/2023 17:08,60.001953,54.87357,61.330906,0.2991454,0.26251513,134.46764
26/05/2023 17:08,60.001953,54.87357,61.330906,0.2991454,0.26251513,134.41812
26/05/2023 17:09,60.001953,54.89959,61.330906,0.31135547,0.27472523,134.46925
26/05/2023 17:09,60.001953,54.89959,61.330906,0.2869353,0.27472523,134.49483
26/05/2023 17:09,60.001953,54.89959,61.330906,0.2991454,0.26251513,134.56992
26/05/2023 17:09,60.001953,54.89959,61.330906,0.31135547,0.27472523,134.49483
26/05/2023 17:09,60.001953,54.925606,61.330906,0.2991454,0.26251513,134.56992
26/05/2023 17:09,60.001953,54.925606,61.330906,0.31135547,0.26251513,134.49483
26/05/2023 17:10,60.001953,54.951626,61.330906,0.2991454,0.26251513,134.56992
26/05/2023 17:10,60.001953,54.951626,61.330906,0.2869353,0.26251513,134.61942
26/05/2023 17:10,60.001953,54.951626,61.330906,0.2991454,0.26251513,134.61942
26/05/2023 17:10,60.001953,54.977623,61.330906,0.2869353,0.26251513,134.59384
26/05/2023 17:10,60.001953,54.977623,61.330906,0.2869353,0.27472523,134.64337
26/05/2023 17:10,60.001953,55.003643,61.330906,0.2991454,0.27472523,134.6178
26/05/2023 17:11,60.001953,55.029663,61.330906,0.2991454,0.25030506,134.6178
26/05/2023 17:11,60.001953,55.029663,61.330906,0.2991454,0.26251513,134.59222
26/05/2023 17:11,60.001953,55.05566,61.330906,0.2869353,0.26251513,134.74242
26/05/2023 17:11,60.001953,55.05566,61.330906,0.2991454,0.27472523,134.74242
26/05/2023 17:11,60.001953,55.08168,61.330906,0.27472523,0.27472523,134.74242
26/05/2023 17:11,60.001953,55.1077,61.330906,0.2869353,0.27472523,134.74242
26/05/2023 17:12,60.001953,55.1077,61.330906,0.27472523,0.26251513,134.81752
26/05/2023 17:12,60.001953,55.13372,61.330906,0.2869353,0.26251513,134.81752
26/05/2023 17:12,60.001953,55.13372,61.330906,0.31135547,0.25030506,134.89262
26/05/2023 17:12,59.975914,55.15972,61.330906,0.2991454,0.27472523,134.89262
26/05/2023 17:12,59.975914,55.18574,61.330906,0.31135547,0.26251513,134.89262
26/05/2023 17:12,59.975914,55.18574,61.330906,0.2869353,0.26251513,134.96773
26/05/2023 17:13,59.975914,55.21176,61.330906,0.2991454,0.25030506,134.96773
26/05/2023 17:13,59.975914,55.21176,61.330906,0.2991454,0.26251513,134.96773
26/05/2023 17:13,59.975914,55.23778,61.330906,0.2869353,0.25030506,135.04283
26/05/2023 17:13,59.975914,55.23778,61.330906,0.2869353,0.25030506,135.04283
26/05/2023 17:13,59.975914,55.263783,61.330906,0.2869353,0.27472523,135.09238
26/05/2023 17:13,59.975914,55.263783,61.330906,0.2991454,0.26251513,135.0668
26/05/2023 17:14,59.94986,55.289803,61.330906,0.2991454,0.26251513,134.94054
26/05/2023 17:14,59.94986,55.289803,61.330906,0.2869353,0.23809497,134.99008
26/05/2023 17:14,59.94986,55.289803,61.330906,0.2869353,0.26251513,135.0652
26/05/2023 17:14,59.94986,55.315823,61.330906,0.27472523,0.26251513,134.96451
26/05/2023 17:14,59.94986,55.315823,61.330906,0.2869353,0.26251513,135.01404
26/05/2023 17:14,59.94986,55.341824,61.330906,0.2991454,0.25030506,135.01404
26/05/2023 17:15,59.94986,55.341824,61.330906,0.27472523,0.25030506,134.9885
26/05/2023 17:15,59.94986,55.341824,61.330906,0.2991454,0.26251513,135.08916
26/05/2023 17:15,59.9238,55.367847,61.330906,0.2869353,0.26251513,135.01404
26/05/2023 17:15,59.9238,55.367847,61.330906,0.2869353,0.26251513,135.08916
26/05/2023 17:15,59.9238,55.367847,61.330906,0.27472523,0.25030506,135.08916
26/05/2023 17:15,59.9238,55.367847,61.330906,0.2869353,0.2869353,135.18985
26/05/2023 17:16,59.9238,55.367847,61.330906,0.2991454,0.27472523,135.21542
26/05/2023 17:16,59.9238,55.367847,61.330906,0.2869353,0.27472523,135.21542
26/05/2023 17:16,59.9238,55.367847,61.330906,0.2869353,0.27472523,135.26656
26/05/2023 17:16,59.9238,55.393867,61.330906,0.2869353,0.26251513,135.29214
26/05/2023 17:16,59.9238,55.393867,61.330906,0.2869353,0.2869353,135.34329
26/05/2023 17:16,59.9238,55.393867,61.330906,0.2869353,0.2869353,135.36888
26/05/2023 17:17,59.9238,55.393867,61.330906,0.2869353,0.27472523,135.39447
26/05/2023 17:17,59.9238,55.393867,61.330906,0.2869353,0.27472523,135.42004
26/05/2023 17:17,59.897743,55.367847,61.330906,0.2869353,0.2869353,135.42004
26/05/2023 17:17,59.897743,55.367847,61.330906,0.31135547,0.27472523,135.44563
26/05/2023 17:17,59.897743,55.367847,61.330906,0.2991454,0.27472523,135.44563
26/05/2023 17:17,59.897743,55.367847,61.330906,0.2869353,0.2869353,135.44563
26/05/2023 17:18,59.897743,55.367847,61.330906,0.2869353,0.2869353,135.44563
26/05/2023 17:18,59.897743,55.367847,61.330906,0.2869353,0.2869353,135.44563
26/05/2023 17:18,59.897743,55.367847,61.330906,0.2869353,0.26251513,135.44563
26/05/2023 17:18,59.897743,55.367847,61.330906,0.2869353,0.2991454,135.44563
26/05/2023 17:18,59.897743,55.341824,61.330906,0.2869353,0.2869353,135.34491
26/05/2023 17:18,59.897743,55.341824,61.330906,0.2869353,0.2869353,135.46959
26/05/2023 17:19,59.897743,55.341824,61.330906,0.2991454,0.2869353,135.444
26/05/2023 17:19,59.897743,55.315823,61.330906,0.2991454,0.31135547,135.444
26/05/2023 17:19,59.897743,55.315823,61.330906,0.31135547,0.2869353,135.41841
26/05/2023 17:19,59.897743,55.315823,61.330906,0.2869353,0.2869353,135.41841
26/05/2023 17:19,59.897743,55.289803,61.330906,0.2869353,0.2869353,135.41841
26/05/2023 17:19,59.897743,55.289803,61.330906,0.31135547,0.27472523,135.39285
26/05/2023 17:20,59.897743,55.289803,61.330906,0.2869353,0.27472523,135.39285
26/05/2023 17:20,59.897743,55.263783,61.356976,0.2991454,0.2991454,135.46797
26/05/2023 17:20,59.897743,55.263783,61.356976,0.2991454,0.2869353,135.4424
26/05/2023 17:20,59.897743,55.263783,61.330906,0.2991454,0.2869353,135.4424
26/05/2023 17:20,59.897743,55.23778,61.330906,0.2991454,0.27472523,135.4424
26/05/2023 17:20,59.897743,55.23778,61.356976,0.2869353,0.2991454,135.4424
26/05/2023 17:21,59.897743,55.21176,61.356976,0.2991454,0.27472523,135.4424
26/05/2023 17:21,59.897743,55.21176,61.356976,0.2991454,0.2991454,135.36726
26/05/2023 17:21,59.897743,55.21176,61.356976,0.31135547,0.2869353,135.4424
26/05/2023 17:21,59.897743,55.18574,61.356976,0.2869353,0.27472523,135.4424
26/05/2023 17:21,59.897743,55.18574,61.356976,0.31135547,0.2869353,135.46797
26/05/2023 17:21,59.897743,55.15972,61.356976,0.2991454,0.27472523,135.46797
26/05/2023 17:22,59.897743,55.15972,61.356976,0.2991454,0.2869353,135.46797
26/05/2023 17:22,59.897743,55.15972,61.356976,0.2991454,0.27472523,135.46797
26/05/2023 17:22,59.897743,55.13372,61.356976,0.2869353,0.27472523,135.49355
26/05/2023 17:22,59.897743,55.13372,61.356976,0.2991454,0.2869353,135.49355
26/05/2023 17:22,59.897743,55.13372,61.356976,0.2991454,0.2869353,135.49355
26/05/2023 17:22,59.897743,55.1077,61.356976,0.31135547,0.27472523,135.41841
26/05/2023 17:23,59.897743,55.1077,61.356976,0.2991454,0.2869353,135.49355
26/05/2023 17:23,59.897743,55.08168,61.356976,0.2869353,0.27472523,135.41841
26/05/2023 17:23,59.897743,55.08168,61.356976,0.2991454,0.2869353,135.49355
26/05/2023 17:23,59.897743,55.05566,61.356976,0.2991454,0.27472523,135.41841
26/05/2023 17:23,59.897743,55.05566,61.356976,0.2869353,0.26251513,135.41841
26/05/2023 17:23,59.897743,55.029663,61.356976,0.2869353,0.2869353,135.41841
26/05/2023 17:24,59.897743,55.029663,61.356976,0.2991454,0.27472523,135.34329
26/05/2023 17:24,59.897743,55.029663,61.356976,0.31135547,0.27472523,135.41841
26/05/2023 17:24,59.897743,55.003643,61.356976,0.2991454,0.2869353,135.41841
26/05/2023 17:24,59.897743,55.003643,61.356976,0.31135547,0.2869353,135.46959
26/05/2023 17:24,59.897743,54.977623,61.356976,0.2991454,0.27472523,135.49516
26/05/2023 17:24,59.897743,54.977623,61.356976,0.2991454,0.2991454,135.49516
26/05/2023 17:25,59.897743,54.977623,61.356976,0.2991454,0.26251513,135.44563
26/05/2023 17:25,59.897743,54.951626,61.356976,0.2991454,0.2869353,135.44563
26/05/2023 17:25,59.897743,54.951626,61.356976,0.2869353,0.26251513,135.47122
26/05/2023 17:25,59.897743,54.951626,61.356976,0.2991454,0.27472523,135.47122
26/05/2023 17:25,59.897743,54.925606,61.356976,0.31135547,0.2869353,135.54634
26/05/2023 17:25,59.897743,54.925606,61.356976,0.2991454,0.27472523,135.47122
26/05/2023 17:26,59.897743,54.925606,61.356976,0.2991454,0.27472523,135.47122
26/05/2023 17:26,59.897743,54.89959,61.356976,0.2869353,0.27472523,135.44563
26/05/2023 17:26,59.897743,54.89959,61.356976,0.2869353,0.27472523,135.44563
26/05/2023 17:26,59.897743,54.89959,61.356976,0.2991454,0.27472523,135.42004
26/05/2023 17:26,59.9238,54.89959,61.356976,0.27472523,0.26251513,135.42004
26/05/2023 17:26,59.9238,54.89959,61.356976,0.2869353,0.26251513,135.39447
26/05/2023 17:27,59.9238,54.87357,61.356976,0.27472523,0.26251513,135.36888
26/05/2023 17:27,59.9238,54.87357,61.356976,0.2869353,0.26251513,135.36888
26/05/2023 17:27,59.9238,54.87357,61.356976,0.2991454,0.26251513,135.34329
26/05/2023 17:27,59.9238,54.87357,61.356976,0.27472523,0.26251513,135.41841
26/05/2023 17:27,59.9238,54.87357,61.356976,0.2991454,0.26251513,135.41841
26/05/2023 17:27,59.9238,54.87357,61.356976,0.2991454,0.27472523,135.41841
26/05/2023 17:28,59.9238,54.87357,61.356976,0.2991454,0.27472523,135.41841
26/05/2023 17:28,59.9238,54.87357,61.356976,0.2869353,0.27472523,135.5687
26/05/2023 17:28,59.94986,54.87357,61.356976,0.27472523,0.26251513,135.41841
26/05/2023 17:28,59.9238,54.87357,61.356976,0.2869353,0.26251513,135.49355
26/05/2023 17:28,59.94986,54.89959,61.356976,0.27472523,0.26251513,135.49355
26/05/2023 17:28,59.94986,54.89959,61.356976,0.2869353,0.27472523,135.49355
26/05/2023 17:29,59.94986,54.89959,61.356976,0.2869353,0.26251513,135.49355
26/05/2023 17:29,59.94986,54.89959,61.356976,0.27472523,0.27472523,135.49355
26/05/2023 17:29,59.94986,54.89959,61.356976,0.2869353,0.26251513,135.49355
26/05/2023 17:29,59.94986,54.89959,61.356976,0.31135547,0.27472523,135.49355
26/05/2023 17:29,59.94986,54.925606,61.356976,0.27472523,0.27472523,135.49355
26/05/2023 17:29,59.94986,54.925606,61.356976,0.2991454,0.27472523,135.5687
26/05/2023 17:30,59.94986,54.925606,61.356976,0.2869353,0.27472523,135.5687
26/05/2023 17:30,59.94986,54.925606,61.356976,0.2991454,0.25030506,135.5687
26/05/2023 17:30,59.94986,54.951626,61.356976,0.2991454,0.27472523,135.59428
26/05/2023 17:30,59.94986,54.951626,61.356976,0.2869353,0.27472523,135.5687
26/05/2023 17:30,59.94986,54.951626,61.356976,0.2869353,0.25030506,135.64383
26/05/2023 17:30,59.94986,54.977623,61.356976,0.2869353,0.2869353,135.61826
26/05/2023 17:31,59.94986,54.977623,61.356976,0.2991454,0.27472523,135.59267
26/05/2023 17:31,59.94986,55.003643,61.356976,0.2869353,0.27472523,135.54149
26/05/2023 17:31,59.94986,55.003643,61.356976,0.27472523,0.26251513,135.51593
26/05/2023 17:31,59.94986,55.003643,61.356976,0.27472523,0.27472523,135.59106
26/05/2023 17:31,59.94986,55.029663,61.356976,0.2869353,0.26251513,135.56548
26/05/2023 17:31,59.94986,55.029663,61.356976,0.2869353,0.27472523,135.53989
26/05/2023 17:32,59.94986,55.05566,61.356976,0.27472523,0.26251513,135.53989
26/05/2023 17:32,59.94986,55.05566,61.356976,0.27472523,0.27472523,135.6646
26/05/2023 17:32,59.94986,55.08168,61.356976,0.2869353,0.2869353,135.48875
26/05/2023 17:32,59.94986,55.08168,61.356976,0.2869353,0.25030506,135.48875
26/05/2023 17:32,59.94986,55.1077,61.356976,0.27472523,0.26251513,135.61502
26/05/2023 17:32,59.94986,55.1077,61.356976,0.2869353,0.26251513,135.64061
26/05/2023 17:33,59.94986,55.13372,61.356976,0.2869353,0.26251513,135.69177
26/05/2023 17:33,59.94986,55.13372,61.356976,0.26251513,0.26251513,135.74294
26/05/2023 17:33,59.94986,55.15972,61.356976,0.2869353,0.25030506,135.79411
26/05/2023 17:33,59.94986,55.15972,61.356976,0.27472523,0.25030506,135.84529
26/05/2023 17:33,59.94986,55.18574,61.356976,0.2991454,0.25030506,135.94601
26/05/2023 17:33,59.94986,55.18574,61.356976,0.2869353,0.26251513,135.97162
26/05/2023 17:34,59.94986,55.21176,61.383026,0.2991454,0.26251513,135.97162
26/05/2023 17:34,59.94986,55.21176,61.356976,0.27472523,0.26251513,135.99722
26/05/2023 17:34,59.94986,55.23778,61.383026,0.2869353,0.26251513,135.99722
26/05/2023 17:34,59.94986,55.23778,61.383026,0.2869353,0.25030506,135.99722
26/05/2023 17:34,59.94986,55.263783,61.383026,0.27472523,0.26251513,136.07237
26/05/2023 17:34,59.94986,55.263783,61.356976,0.27472523,0.26251513,136.07237
26/05/2023 17:35,59.94986,55.289803,61.383026,0.27472523,0.2869353,135.99722
26/05/2023 17:35,59.9238,55.289803,61.383026,0.2869353,0.26251513,135.99722
26/05/2023 17:35,59.9238,55.289803,61.383026,0.2991454,0.27472523,136.04677
26/05/2023 17:35,59.9238,55.315823,61.383026,0.2869353,0.27472523,136.09633
26/05/2023 17:35,59.9238,55.315823,61.383026,0.2869353,0.26251513,136.07076
26/05/2023 17:35,59.9238,55.341824,61.383026,0.2991454,0.27472523,136.07076
26/05/2023 17:36,59.9238,55.341824,61.383026,0.27472523,0.26251513,136.04515
26/05/2023 17:36,59.9238,55.341824,61.356976,0.2869353,0.27472523,136.04515
26/05/2023 17:36,59.9238,55.367847,61.383026,0.2869353,0.27472523,136.01955
26/05/2023 17:36,59.9238,55.367847,61.383026,0.27472523,0.26251513,136.09471
26/05/2023 17:36,59.9238,55.367847,61.383026,0.2991454,0.26251513,136.09471
26/05/2023 17:36,59.9238,55.367847,61.383026,0.2869353,0.26251513,136.16988
26/05/2023 17:37,59.9238,55.367847,61.383026,0.2869353,0.25030506,136.09471
26/05/2023 17:37,59.9238,55.367847,61.383026,0.27472523,0.25030506,136.16988
26/05/2023 17:37,59.9238,55.41989,61.356976,0.2869353,0.26251513,136.16988
26/05/2023 17:37,59.9238,55.41989,61.383026,0.27472523,0.26251513,136.16988
26/05/2023 17:37,59.9238,55.41989,61.356976,0.2869353,0.26251513,136.16988
26/05/2023 17:37,59.9238,55.445892,61.356976,0.2869353,0.26251513,136.24504
26/05/2023 17:38,59.9238,55.445892,61.356976,0.2869353,0.26251513,136.24504
26/05/2023 17:38,59.9238,55.445892,61.356976,0.2869353,0.25030506,136.24504
26/05/2023 17:38,59.9238,55.471916,61.383026,0.2869353,0.25030506,136.24504
26/05/2023 17:38,59.9238,55.471916,61.356976,0.2991454,0.25030506,136.24504
26/05/2023 17:38,59.9238,55.471916,61.356976,0.27472523,0.23809497,136.24504
26/05/2023 17:38,59.9238,55.471916,61.356976,0.2869353,0.23809497,136.27063
26/05/2023 17:39,59.9238,55.471916,61.383026,0.2869353,0.25030506,136.34581
26/05/2023 17:39,59.9238,55.497936,61.383026,0.27472523,0.26251513,136.27063
26/05/2023 17:39,59.9238,55.497936,61.383026,0.2869353,0.25030506,136.27063
26/05/2023 17:39,59.9238,55.497936,61.383026,0.2869353,0.26251513,136.29623
26/05/2023 17:39,59.9238,55.497936,61.383026,0.2869353,0.25030506,136.29623
26/05/2023 17:39,59.9238,55.497936,61.383026,0.27472523,0.25030506,136.29623
26/05/2023 17:40,59.9238,55.497936,61.383026,0.2869353,0.26251513,136.32182
26/05/2023 17:40,59.9238,55.497936,61.383026,0.2869353,0.26251513,136.32182
26/05/2023 17:40,59.9238,55.497936,61.383026,0.2869353,0.25030506,136.397
26/05/2023 17:40,59.897743,55.497936,61.383026,0.2991454,0.26251513,136.32182
26/05/2023 17:40,59.9238,55.497936,61.383026,0.2991454,0.26251513,136.397
26/05/2023 17:40,59.9238,55.497936,61.383026,0.2869353,0.25030506,136.29623
26/05/2023 17:41,59.9238,55.471916,61.383026,0.2991454,0.26251513,136.27063
26/05/2023 17:41,59.897743,55.471916,61.383026,0.2869353,0.26251513,136.24504
26/05/2023 17:41,59.897743,55.471916,61.383026,0.27472523,0.26251513,136.19386
26/05/2023 17:41,59.897743,55.471916,61.383026,0.2991454,0.26251513,136.16826
26/05/2023 17:41,59.897743,55.471916,61.383026,0.27472523,0.26251513,136.16826
26/05/2023 17:41,59.897743,55.471916,61.383026,0.27472523,0.26251513,136.16826
26/05/2023 17:42,59.897743,55.471916,61.383026,0.2991454,0.26251513,136.16826
26/05/2023 17:42,59.897743,55.445892,61.383026,0.2991454,0.2869353,136.19386
26/05/2023 17:42,59.897743,55.445892,61.383026,0.2991454,0.27472523,136.19386
26/05/2023 17:42,59.897743,55.445892,61.383026,0.31135547,0.27472523,136.19386
26/05/2023 17:42,59.897743,55.445892,61.383026,0.2869353,0.26251513,136.19386
26/05/2023 17:42,59.897743,55.445892,61.383026,0.2869353,0.27472523,136.16826
26/05/2023 17:43,59.897743,55.41989,61.383026,0.2869353,0.26251513,136.14267
26/05/2023 17:43,59.897743,55.41989,61.383026,0.2869353,0.26251513,136.14267
26/05/2023 17:43,59.897743,55.41989,61.383026,0.27472523,0.27472523,136.1171
26/05/2023 17:43,59.897743,55.41989,61.383026,0.2991454,0.2869353,136.1171
26/05/2023 17:43,59.897743,55.41989,61.383026,0.2869353,0.27472523,136.1171
26/05/2023 17:43,59.897743,55.393867,61.383026,0.2869353,0.26251513,136.1171
26/05/2023 17:44,59.897743,55.393867,61.383026,0.2991454,0.26251513,136.04193
26/05/2023 17:44,59.897743,55.393867,61.383026,0.27472523,0.27472523,136.1171
26/05/2023 17:44,59.897743,55.393867,61.383026,0.2869353,0.26251513,136.04193
26/05/2023 17:44,59.897743,55.393867,61.383026,0.2869353,0.2869353,136.04193
26/05/2023 17:44,59.897743,55.393867,61.383026,0.2991454,0.27472523,136.0675
26/05/2023 17:44,59.897743,55.367847,61.383026,0.2869353,0.26251513,136.1187
26/05/2023 17:45,59.897743,55.367847,61.383026,0.2869353,0.27472523,136.24504
26/05/2023 17:45,59.897743,55.367847,61.383026,0.2869353,0.27472523,136.24666
26/05/2023 17:45,59.897743,55.367847,61.383026,0.2869353,0.26251513,136.29787
26/05/2023 17:45,59.897743,55.341824,61.383026,0.2991454,0.27472523,136.32347
26/05/2023 17:45,59.9238,55.341824,61.383026,0.2869353,0.27472523,136.37466
26/05/2023 17:45,59.897743,55.341824,61.383026,0.2869353,0.27472523,136.3507
26/05/2023 17:46,59.897743,55.341824,61.383026,0.2991454,0.2869353,136.42586
26/05/2023 17:46,59.897743,55.341824,61.383026,0.2869353,0.2869353,136.3251
26/05/2023 17:46,59.9238,55.341824,61.383026,0.2991454,0.27472523,136.40027
26/05/2023 17:46,59.9238,55.315823,61.383026,0.27472523,0.27472523,136.37466
26/05/2023 17:46,59.9238,55.315823,61.383026,0.2869353,0.27472523,136.37466
26/05/2023 17:46,59.9238,55.315823,61.383026,0.2991454,0.2869353,136.34904
26/05/2023 17:47,59.9238,55.315823,61.383026,0.2869353,0.27472523,136.32347
26/05/2023 17:47,59.9238,55.315823,61.383026,0.2869353,0.26251513,136.37303
26/05/2023 17:47,59.9238,55.315823,61.383026,0.2869353,0.27472523,136.29787
26/05/2023 17:47,59.9238,55.315823,61.383026,0.27472523,0.27472523,136.37303
26/05/2023 17:47,59.9238,55.315823,61.383026,0.2991454,0.27472523,136.37303
26/05/2023 17:47,59.9238,55.315823,61.383026,0.2869353,0.27472523,136.34743
26/05/2023 17:48,59.9238,55.315823,61.383026,0.27472523,0.2869353,136.34743
26/05/2023 17:48,59.9238,55.315823,61.383026,0.2869353,0.27472523,136.4226
26/05/2023 17:48,59.9238,55.315823,61.383026,0.2869353,0.27472523,136.4226
26/05/2023 17:48,59.9238,55.315823,61.383026,0.2869353,0.26251513,136.34743
26/05/2023 17:48,59.9238,55.315823,61.383026,0.2991454,0.26251513,136.37303
26/05/2023 17:48,59.9238,55.341824,61.383026,0.2869353,0.27472523,136.37303
26/05/2023 17:49,59.9238,55.341824,61.383026,0.27472523,0.26251513,136.37303
26/05/2023 17:49,59.9238,55.341824,61.383026,0.27472523,0.26251513,136.44821
26/05/2023 17:49,59.9238,55.341824,61.383026,0.2869353,0.26251513,136.4226
26/05/2023 17:49,59.9238,55.367847,61.383026,0.2991454,0.2869353,136.34581
26/05/2023 17:49,59.9238,55.367847,61.383026,0.2869353,0.27472523,136.3202
26/05/2023 17:49,59.9238,55.367847,61.383026,0.2869353,0.2869353,136.24344
26/05/2023 17:50,59.9238,55.367847,61.383026,0.27472523,0.26251513,136.21783
26/05/2023 17:50,59.9238,55.367847,61.383026,0.2991454,0.26251513,136.19226
26/05/2023 17:50,59.897743,55.393867,61.383026,0.2869353,0.27472523,136.26743
26/05/2023 17:50,59.897743,55.393867,61.383026,0.27472523,0.26251513,136.16667
26/05/2023 17:50,59.897743,55.393867,61.383026,0.2991454,0.27472523,136.24184
26/05/2023 17:50,59.897743,55.393867,61.383026,0.2869353,0.27472523,136.14108
26/05/2023 17:51,59.897743,55.393867,61.383026,0.2869353,0.26251513,136.24184
26/05/2023 17:51,59.897743,55.393867,61.383026,0.2869353,0.27472523,136.16667
26/05/2023 17:51,59.897743,55.393867,61.383026,0.2869353,0.25030506,136.21623
26/05/2023 17:51,59.897743,55.41989,61.383026,0.27472523,0.27472523,136.14108
26/05/2023 17:51,59.897743,55.41989,61.383026,0.2991454,0.27472523,136.21623
26/05/2023 17:51,59.897743,55.41989,61.383026,0.2991454,0.26251513,136.21623
26/05/2023 17:52,59.897743,55.41989,61.383026,0.31135547,0.27472523,136.21623
26/05/2023 17:52,59.897743,55.41989,61.383026,0.2991454,0.26251513,136.11551
26/05/2023 17:52,59.897743,55.41989,61.383026,0.2869353,0.26251513,136.21623
26/05/2023 17:52,59.897743,55.41989,61.383026,0.2991454,0.26251513,136.21623
26/05/2023 17:52,59.897743,55.41989,61.383026,0.2991454,0.27472523,136.21623
26/05/2023 17:52,59.897743,55.393867,61.383026,0.2869353,0.27472523,136.21623
26/05/2023 17:53,59.897743,55.393867,61.383026,0.2869353,0.27472523,136.24184
26/05/2023 17:53,59.871704,55.393867,61.383026,0.2869353,0.26251513,136.21623
26/05/2023 17:53,59.871704,55.393867,61.383026,0.2869353,0.27472523,136.21623
26/05/2023 17:53,59.871704,55.393867,61.383026,0.2991454,0.27472523,136.21623
26/05/2023 17:53,59.871704,55.393867,61.383026,0.2869353,0.26251513,136.21623
26/05/2023 17:53,59.871704,55.393867,61.383026,0.2869353,0.26251513,136.19066
26/05/2023 17:54,59.871704,55.393867,61.383026,0.31135547,0.2869353,136.19066
26/05/2023 17:54,59.871704,55.393867,61.383026,0.2991454,0.26251513,136.19066
26/05/2023 17:54,59.871704,55.393867,61.383026,0.2991454,0.27472523,136.19066
26/05/2023 17:54,59.871704,55.393867,61.383026,0.2869353,0.26251513,136.19066
26/05/2023 17:54,59.871704,55.393867,61.383026,0.2991454,0.27472523,136.19066
26/05/2023 17:54,59.871704,55.393867,61.383026,0.2991454,0.27472523,136.21623
26/05/2023 17:55,59.871704,55.367847,61.383026,0.31135547,0.2869353,136.26743
26/05/2023 17:55,59.871704,55.367847,61.383026,0.2869353,0.26251513,136.36818
26/05/2023 17:55,59.871704,55.367847,61.383026,0.2991454,0.26251513,136.3186
26/05/2023 17:55,59.871704,55.367847,61.383026,0.31135547,0.25030506,136.44498
26/05/2023 17:55,59.871704,55.367847,61.383026,0.2869353,0.26251513,136.39539
26/05/2023 17:55,59.871704,55.367847,61.383026,0.31135547,0.26251513,136.42099
26/05/2023 17:56,59.871704,55.367847,61.383026,0.2869353,0.26251513,136.47218
26/05/2023 17:56,59.871704,55.367847,61.383026,0.2869353,0.26251513,136.52339
26/05/2023 17:56,59.871704,55.367847,61.383026,0.2991454,0.26251513,136.549
26/05/2023 17:56,59.871704,55.341824,61.383026,0.2869353,0.27472523,136.6002
26/05/2023 17:56,59.871704,55.341824,61.383026,0.2991454,0.26251513,136.62582
26/05/2023 17:56,59.871704,55.341824,61.383026,0.31135547,0.27472523,136.65141
26/05/2023 17:57,59.871704,55.341824,61.383026,0.2991454,0.27472523,136.65141
26/05/2023 17:57,59.871704,55.341824,61.383026,0.2991454,0.27472523,136.62582
26/05/2023 17:57,59.871704,55.341824,61.383026,0.2869353,0.27472523,136.62582
26/05/2023 17:57,59.871704,55.315823,61.383026,0.2991454,0.2869353,136.6002
26/05/2023 17:57,59.871704,55.315823,61.383026,0.2991454,0.26251513,136.67538
26/05/2023 17:57,59.84565,55.315823,61.383026,0.31135547,0.27472523,136.64978
26/05/2023 17:58,59.84565,55.315823,61.383026,0.31135547,0.26251513,136.62418
26/05/2023 17:58,59.84565,55.315823,61.383026,0.2991454,0.26251513,136.52339
26/05/2023 17:58,59.84565,55.289803,61.383026,0.2991454,0.26251513,136.59857
26/05/2023 17:58,59.84565,55.289803,61.383026,0.2991454,0.27472523,136.52339
26/05/2023 17:58,59.84565,55.289803,61.383026,0.31135547,0.27472523,136.57297
26/05/2023 17:58,59.84565,55.289803,61.383026,0.2869353,0.26251513,136.64815
26/05/2023 17:59,59.84565,55.263783,61.383026,0.2991454,0.27472523,136.57297
26/05/2023 17:59,59.84565,55.263783,61.383026,0.2991454,0.2869353,136.57297
26/05/2023 17:59,59.84565,55.263783,61.383026,0.2991454,0.27472523,136.57297
26/05/2023 17:59,59.84565,55.263783,61.383026,0.2991454,0.27472523,136.54735
26/05/2023 17:59,59.84565,55.23778,61.383026,0.2991454,0.27472523,136.54735
26/05/2023 17:59,59.84565,55.23778,61.383026,0.2991454,0.2991454,136.54735
26/05/2023 18:00,59.84565,55.23778,61.383026,0.2991454,0.27472523,136.52177
26/05/2023 18:00,59.84565,55.21176,61.383026,0.2991454,0.2869353,136.47055
26/05/2023 18:00,59.84565,55.21176,61.383026,0.2991454,0.27472523,136.52016
26/05/2023 18:00,59.84565,55.21176,61.383026,0.31135547,0.27472523,136.41937
26/05/2023 18:00,59.84565,55.18574,61.383026,0.2991454,0.2869353,136.36818
26/05/2023 18:00,59.84565,55.18574,61.383026,0.2991454,0.2869353,136.34259
26/05/2023 18:01,59.84565,55.18574,61.383026,0.2991454,0.2991454,136.317
26/05/2023 18:01,59.84565,55.15972,61.383026,0.2991454,0.2869353,136.26582
26/05/2023 18:01,59.84565,55.15972,61.383026,0.31135547,0.2869353,136.16507
26/05/2023 18:01,59.84565,55.13372,61.383026,0.32356495,0.27472523,136.21465
26/05/2023 18:01,59.84565,55.13372,61.383026,0.2991454,0.2869353,136.18906
26/05/2023 18:01,59.84565,55.13372,61.383026,0.32356495,0.27472523,136.18906
26/05/2023 18:02,59.84565,55.13372,61.383026,0.31135547,0.27472523,136.31381
26/05/2023 18:02,59.84565,55.13372,61.383026,0.32356495,0.2869353,136.16348
26/05/2023 18:02,59.84565,55.13372,61.383026,0.32356495,0.27472523,136.16348
26/05/2023 18:02,59.84565,55.08168,61.383026,0.31135547,0.2869353,136.18906
26/05/2023 18:02,59.84565,55.08168,61.383026,0.2991454,0.2869353,136.18906
26/05/2023 18:02,59.84565,55.05566,61.383026,0.2991454,0.27472523,136.08833
26/05/2023 18:03,59.84565,55.05566,61.383026,0.2991454,0.2869353,136.08833
26/05/2023 18:03,59.84565,55.029663,61.383026,0.2991454,0.27472523,136.18906
26/05/2023 18:03,59.84565,55.029663,61.383026,0.31135547,0.27472523,136.11389
26/05/2023 18:03,59.84565,55.029663,61.383026,0.32356495,0.2869353,136.16348
26/05/2023 18:03,59.84565,55.003643,61.383026,0.31135547,0.2869353,136.11389
26/05/2023 18:03,59.84565,55.003643,61.383026,0.32356495,0.2869353,136.11389
26/05/2023 18:04,59.81959,54.977623,61.383026,0.2991454,0.2869353,136.11389
26/05/2023 18:04,59.84565,54.977623,61.383026,0.32356495,0.2869353,136.08833
26/05/2023 18:04,59.81959,54.977623,61.383026,0.32356495,0.2991454,136.01317
26/05/2023 18:04,59.81959,54.951626,61.383026,0.31135547,0.2869353,136.08833
26/05/2023 18:04,59.81959,54.951626,61.383026,0.31135547,0.2991454,136.11389
26/05/2023 18:04,59.81959,54.925606,61.383026,0.33577502,0.2869353,136.13948
26/05/2023 18:05,59.81959,54.925606,61.409096,0.2991454,0.2991454,136.13948
26/05/2023 18:05,59.84565,54.925606,61.383026,0.33577502,0.27472523,136.19066
26/05/2023 18:05,59.81959,54.89959,61.383026,0.32356495,0.27472523,136.16667
26/05/2023 18:05,59.84565,54.89959,61.383026,0.31135547,0.2869353,136.26743
26/05/2023 18:05,59.84565,54.89959,61.383026,0.2991454,0.2869353,136.24344
26/05/2023 18:05,59.81959,54.87357,61.383026,0.2991454,0.27472523,136.29463
26/05/2023 18:06,59.84565,54.87357,61.383026,0.2991454,0.27472523,136.3202
26/05/2023 18:06,59.84565,54.87357,61.383026,0.31135547,0.27472523,136.34581
26/05/2023 18:06,59.84565,54.847572,61.383026,0.31135547,0.2869353,136.37141
26/05/2023 18:06,59.84565,54.847572,61.383026,0.31135547,0.2869353,136.397
26/05/2023 18:06,59.84565,54.847572,61.383026,0.31135547,0.2869353,136.44821
26/05/2023 18:06,59.84565,54.821556,61.383026,0.2991454,0.27472523,136.39864
26/05/2023 18:07,59.84565,54.821556,61.383026,0.31135547,0.27472523,136.42422
26/05/2023 18:07,59.84565,54.821556,61.383026,0.2991454,0.27472523,136.47382
26/05/2023 18:07,59.84565,54.821556,61.383026,0.2869353,0.2869353,136.37303
26/05/2023 18:07,59.84565,54.821556,61.383026,0.2991454,0.27472523,136.44821
26/05/2023 18:07,59.84565,54.79554,61.383026,0.2869353,0.27472523,136.44821
26/05/2023 18:07,59.84565,54.79554,61.383026,0.2991454,0.2869353,136.4226
26/05/2023 18:08,59.84565,54.79554,61.383026,0.2991454,0.27472523,136.47218
26/05/2023 18:08,59.84565,54.79554,61.383026,0.2869353,0.2869353,136.397
26/05/2023 18:08,59.84565,54.79554,61.383026,0.31135547,0.27472523,136.47218
26/05/2023 18:08,59.84565,54.79554,61.383026,0.2869353,0.2869353,136.47218
26/05/2023 18:08,59.84565,54.79554,61.383026,0.2991454,0.27472523,136.47218
26/05/2023 18:08,59.84565,54.79554,61.383026,0.2991454,0.2991454,136.47218
26/05/2023 18:09,59.84565,54.79554,61.383026,0.2991454,0.2869353,136.54735
26/05/2023 18:09,59.84565,54.79554,61.383026,0.2991454,0.2869353,136.47218
26/05/2023 18:09,59.84565,54.821556,61.383026,0.2991454,0.26251513,136.54735
26/05/2023 18:09,59.84565,54.821556,61.383026,0.2991454,0.2869353,136.47218
26/05/2023 18:09,59.84565,54.821556,61.383026,0.2991454,0.27472523,136.54735
26/05/2023 18:09,59.84565,54.821556,61.383026,0.2991454,0.27472523,136.54735
26/05/2023 18:10,59.84565,54.821556,61.383026,0.2869353,0.27472523,136.49617
26/05/2023 18:10,59.84565,54.821556,61.383026,0.31135547,0.2869353,136.47055
26/05/2023 18:10,59.84565,54.821556,61.383026,0.2991454,0.2869353,136.41937
26/05/2023 18:10,59.84565,54.847572,61.383026,0.2991454,0.2869353,136.36818
26/05/2023 18:10,59.84565,54.847572,61.383026,0.2869353,0.2869353,136.317
26/05/2023 18:10,59.84565,54.847572,61.383026,0.2869353,0.2869353,136.26582
26/05/2023 18:11,59.84565,54.847572,61.383026,0.31135547,0.26251513,136.24023
26/05/2023 18:11,59.84565,54.87357,61.383026,0.2991454,0.27472523,136.28981
26/05/2023 18:11,59.84565,54.87357,61.383026,0.2869353,0.2869353,136.26422
26/05/2023 18:11,59.84565,54.87357,61.383026,0.2869353,0.2869353,136.23865
26/05/2023 18:11,59.84565,54.87357,61.383026,0.2991454,0.2869353,136.21306
26/05/2023 18:11,59.84565,54.89959,61.383026,0.2991454,0.2869353,136.18747
26/05/2023 18:12,59.84565,54.89959,61.383026,0.31135547,0.2869353,136.1123
26/05/2023 18:12,59.84565,54.89959,61.383026,0.2991454,0.27472523,136.16188
26/05/2023 18:12,59.84565,54.925606,61.383026,0.2991454,0.2869353,136.16188
26/05/2023 18:12,59.84565,54.925606,61.383026,0.31135547,0.27472523,136.16188
26/05/2023 18:12,59.84565,54.925606,61.383026,0.2869353,0.27472523,136.21149
26/05/2023 18:12,59.84565,54.951626,61.383026,0.2991454,0.2991454,136.21149
26/05/2023 18:13,59.84565,54.951626,61.383026,0.2991454,0.2869353,136.13632
26/05/2023 18:13,59.84565,54.951626,61.383026,0.2991454,0.26251513,136.21149
26/05/2023 18:13,59.84565,54.977623,61.383026,0.2869353,0.27472523,136.21149
26/05/2023 18:13,59.84565,54.977623,61.383026,0.2869353,0.27472523,136.23705
26/05/2023 18:13,59.84565,55.003643,61.383026,0.27472523,0.27472523,136.21149
26/05/2023 18:13,59.84565,55.003643,61.383026,0.2869353,0.2869353,136.28665
26/05/2023 18:14,59.84565,55.029663,61.383026,0.2869353,0.2869353,136.28665
26/05/2023 18:14,59.84565,55.029663,61.383026,0.2991454,0.2869353,136.28665
26/05/2023 18:14,59.84565,55.05566,61.383026,0.2869353,0.2869353,136.36182
26/05/2023 18:14,59.84565,55.05566,61.383026,0.2991454,0.2869353,136.28665
26/05/2023 18:14,59.84565,55.08168,61.383026,0.2991454,0.2869353,136.41298
26/05/2023 18:14,59.84565,55.08168,61.383026,0.2869353,0.2869353,136.43857
26/05/2023 18:15,59.84565,55.1077,61.383026,0.2991454,0.27472523,136.48973
26/05/2023 18:15,59.84565,55.13372,61.383026,0.2991454,0.2869353,136.51534
26/05/2023 18:15,59.84565,55.13372,61.383026,0.31135547,0.2869353,136.6161
26/05/2023 18:15,59.84565,55.15972,61.383026,0.2869353,0.26251513,136.5921
26/05/2023 18:15,59.84565,55.18574,61.383026,0.2869353,0.27472523,136.69289
26/05/2023 18:15,59.84565,55.18574,61.383026,0.2991454,0.27472523,136.71849
26/05/2023 18:16,59.84565,55.21176,61.383026,0.2991454,0.2869353,136.76968
26/05/2023 18:16,59.84565,55.21176,61.383026,0.2991454,0.26251513,136.82089
26/05/2023 18:16,59.84565,55.23778,61.383026,0.2991454,0.26251513,136.84648
26/05/2023 18:16,59.84565,55.23778,61.383026,0.31135547,0.26251513,136.8721
26/05/2023 18:16,59.84565,55.263783,61.383026,0.2869353,0.25030506,136.8977
26/05/2023 18:16,59.81959,55.289803,61.383026,0.2869353,0.25030506,136.9985
26/05/2023 18:17,59.81959,55.289803,61.383026,0.2991454,0.25030506,137.02411
26/05/2023 18:17,59.81959,55.289803,61.383026,0.2991454,0.26251513,137.04973
26/05/2023 18:17,59.81959,55.315823,61.383026,0.2869353,0.23809497,137.15056
26/05/2023 18:17,59.81959,55.315823,61.383026,0.2869353,0.26251513,137.12494
26/05/2023 18:17,59.81959,55.315823,61.383026,0.2991454,0.25030506,137.12494
26/05/2023 18:17,59.81959,55.341824,61.383026,0.2991454,0.26251513,137.09932
26/05/2023 18:18,59.81959,55.341824,61.383026,0.2991454,0.25030506,137.14893
26/05/2023 18:18,59.793556,55.341824,61.383026,0.2991454,0.26251513,137.19853
26/05/2023 18:18,59.793556,55.341824,61.383026,0.2869353,0.26251513,137.19853
26/05/2023 18:18,59.793556,55.341824,61.383026,0.2869353,0.26251513,137.17291
26/05/2023 18:18,59.793556,55.341824,61.383026,0.2869353,0.26251513,137.17291
26/05/2023 18:18,59.793556,55.341824,61.383026,0.27472523,0.26251513,137.17291
26/05/2023 18:19,59.793556,55.341824,61.383026,0.2991454,0.26251513,137.24812
26/05/2023 18:19,59.793556,55.341824,61.383026,0.2869353,0.25030506,137.1473
26/05/2023 18:19,59.793556,55.341824,61.383026,0.2991454,0.25030506,137.2225
26/05/2023 18:19,59.793556,55.341824,61.383026,0.2991454,0.27472523,137.2225
26/05/2023 18:19,59.793556,55.341824,61.383026,0.27472523,0.25030506,137.2225
26/05/2023 18:19,59.793556,55.341824,61.383026,0.2869353,0.26251513,137.1713
26/05/2023 18:20,59.767498,55.341824,61.383026,0.27472523,0.25030506,137.14569
26/05/2023 18:20,59.767498,55.341824,61.383026,0.27472523,0.26251513,137.12007
26/05/2023 18:20,59.767498,55.341824,61.383026,0.27472523,0.26251513,137.09448
26/05/2023 18:20,59.767498,55.315823,61.383026,0.27472523,0.26251513,137.11847
26/05/2023 18:20,59.767498,55.341824,61.383026,0.2869353,0.25030506,137.09288
26/05/2023 18:20,59.767498,55.341824,61.383026,0.2869353,0.26251513,137.06728
26/05/2023 18:21,59.767498,55.341824,61.383026,0.31135547,0.27472523,137.04167
26/05/2023 18:21,59.767498,55.341824,61.383026,0.2991454,0.26251513,137.01607
26/05/2023 18:21,59.767498,55.341824,61.383026,0.2991454,0.26251513,136.8897
26/05/2023 18:21,59.767498,55.341824,61.383026,0.2869353,0.27472523,136.93929
26/05/2023 18:21,59.767498,55.315823,61.383026,0.2869353,0.25030506,136.93929
26/05/2023 18:21,59.767498,55.289803,61.383026,0.2869353,0.27472523,136.9137
26/05/2023 18:22,59.767498,55.289803,61.383026,0.31135547,0.26251513,136.81291
26/05/2023 18:22,59.767498,55.289803,61.383026,0.2991454,0.27472523,136.86252
26/05/2023 18:22,59.767498,55.289803,61.383026,0.2869353,0.25030506,136.83693
26/05/2023 18:22,59.767498,55.289803,61.383026,0.2991454,0.25030506,136.76173
26/05/2023 18:22,59.767498,55.289803,61.383026,0.2869353,0.27472523,136.76173
26/05/2023 18:22,59.767498,55.263783,61.383026,0.2869353,0.26251513,136.76173
26/05/2023 18:23,59.767498,55.263783,61.383026,0.31135547,0.25030506,136.83693
26/05/2023 18:23,59.767498,55.263783,61.383026,0.2991454,0.26251513,136.83693
26/05/2023 18:23,59.767498,55.263783,61.383026,0.27472523,0.26251513,136.83693
26/05/2023 18:23,59.767498,55.23778,61.383026,0.27472523,0.26251513,136.83693
26/05/2023 18:23,59.767498,55.23778,61.383026,0.2991454,0.25030506,136.76173
26/05/2023 18:23,59.767498,55.23778,61.383026,0.2991454,0.25030506,136.83693
26/05/2023 18:24,59.767498,55.21176,61.383026,0.2869353,0.27472523,136.76173
26/05/2023 18:24,59.767498,55.21176,61.383026,0.2869353,0.26251513,136.83693
26/05/2023 18:24,59.767498,55.21176,61.383026,0.2869353,0.26251513,136.83693
26/05/2023 18:24,59.767498,55.21176,61.383026,0.2869353,0.26251513,136.86252
26/05/2023 18:24,59.767498,55.18574,61.383026,0.2869353,0.2869353,136.9137
26/05/2023 18:24,59.767498,55.18574,61.383026,0.2991454,0.27472523,136.96489
26/05/2023 18:25,59.767498,55.15972,61.383026,0.2869353,0.25030506,137.01607
26/05/2023 18:25,59.767498,55.15972,61.383026,0.27472523,0.26251513,136.96648
26/05/2023 18:25,59.767498,55.13372,61.383026,0.2869353,0.27472523,136.99208
26/05/2023 18:25,59.767498,55.13372,61.383026,0.2869353,0.27472523,137.04327
26/05/2023 18:25,59.767498,55.13372,61.383026,0.31135547,0.27472523,137.06888
26/05/2023 18:25,59.767498,55.1077,61.383026,0.2869353,0.2869353,137.09448
26/05/2023 18:26,59.767498,55.1077,61.383026,0.27472523,0.27472523,137.14569
26/05/2023 18:26,59.767498,55.08168,61.383026,0.2869353,0.27472523,137.1713
26/05/2023 18:26,59.767498,55.08168,61.356976,0.2869353,0.27472523,137.2225
26/05/2023 18:26,59.767498,55.05566,61.383026,0.2991454,0.27472523,137.24812
26/05/2023 18:26,59.767498,55.05566,61.356976,0.2869353,0.27472523,137.19853
26/05/2023 18:26,59.767498,55.029663,61.356976,0.2991454,0.27472523,137.32497
26/05/2023 18:27,59.767498,55.029663,61.356976,0.2991454,0.2869353,137.24974
26/05/2023 18:27,59.767498,55.003643,61.356976,0.2869353,0.27472523,137.22414
26/05/2023 18:27,59.767498,55.003643,61.356976,0.2991454,0.27472523,137.29935
26/05/2023 18:27,59.767498,54.977623,61.356976,0.2991454,0.27472523,137.27374
26/05/2023 18:27,59.767498,54.977623,61.356976,0.27472523,0.27472523,137.24812
26/05/2023 18:27,59.767498,54.951626,61.356976,0.27472523,0.2869353,137.2225
26/05/2023 18:28,59.767498,54.951626,61.356976,0.2991454,0.2869353,137.2225
26/05/2023 18:28,59.767498,54.925606,61.356976,0.2869353,0.27472523,137.27213
26/05/2023 18:28,59.767498,54.925606,61.356976,0.2869353,0.26251513,137.27213
26/05/2023 18:28,59.767498,54.925606,61.356976,0.31135547,0.27472523,137.27213
26/05/2023 18:28,59.767498,54.89959,61.330906,0.27472523,0.27472523,137.2465
26/05/2023 18:28,59.767498,54.89959,61.356976,0.27472523,0.27472523,137.1713
26/05/2023 18:29,59.767498,54.87357,61.356976,0.2869353,0.26251513,137.2465
26/05/2023 18:29,59.767498,54.87357,61.330906,0.2991454,0.27472523,137.1713
26/05/2023 18:29,59.767498,54.87357,61.356976,0.2991454,0.26251513,137.2465
26/05/2023 18:29,59.793556,54.87357,61.356976,0.31135547,0.26251513,137.2209
26/05/2023 18:29,59.793556,54.87357,61.356976,0.2869353,0.27472523,137.1697
26/05/2023 18:29,59.793556,54.87357,61.356976,0.2869353,0.27472523,137.14409
26/05/2023 18:30,59.793556,54.847572,61.356976,0.2869353,0.27472523,137.09288
26/05/2023 18:30,59.793556,54.847572,61.356976,0.2869353,0.26251513,137.06728
26/05/2023 18:30,59.793556,54.847572,61.356976,0.2869353,0.26251513,137.04167
26/05/2023 18:30,59.767498,54.821556,61.330906,0.2991454,0.27472523,137.01607
26/05/2023 18:30,59.793556,54.847572,61.356976,0.2869353,0.26251513,136.96489
26/05/2023 18:30,59.793556,54.821556,61.356976,0.27472523,0.27472523,136.93929
26/05/2023 18:31,59.793556,54.821556,61.356976,0.2869353,0.26251513,136.8881
26/05/2023 18:31,59.793556,54.821556,61.356976,0.2991454,0.26251513,136.86252
26/05/2023 18:31,59.793556,54.821556,61.356976,0.27472523,0.26251513,136.83693
26/05/2023 18:31,59.767498,54.79554,61.330906,0.27472523,0.27472523,136.81134
26/05/2023 18:31,59.793556,54.821556,61.356976,0.2869353,0.27472523,136.78575
26/05/2023 18:31,59.793556,54.821556,61.356976,0.27472523,0.27472523,136.78575
26/05/2023 18:32,59.793556,54.821556,61.356976,0.27472523,0.27472523,136.76016
26/05/2023 18:32,59.793556,54.821556,61.356976,0.2869353,0.2869353,136.76016
26/05/2023 18:32,59.793556,54.79554,61.356976,0.27472523,0.27472523,136.73457
26/05/2023 18:32,59.793556,54.821556,61.356976,0.2869353,0.26251513,136.73457
26/05/2023 18:32,59.767498,54.769543,61.30484,0.2869353,0.27472523,136.80977
26/05/2023 18:32,59.793556,54.79554,61.356976,0.27472523,0.27472523,136.80977
26/05/2023 18:33,59.793556,54.79554,61.356976,0.2869353,0.2869353,136.76016
26/05/2023 18:33,59.793556,54.79554,61.356976,0.2869353,0.27472523,136.76016
26/05/2023 18:33,59.793556,54.79554,61.356976,0.2869353,0.26251513,136.76016
26/05/2023 18:33,59.793556,54.79554,61.356976,0.27472523,0.27472523,136.71057
26/05/2023 18:33,59.793556,54.79554,61.330906,0.2869353,0.26251513,136.73616
26/05/2023 18:33,59.793556,54.79554,61.356976,0.2869353,0.27472523,136.88654
26/05/2023 18:34,59.793556,54.79554,61.356976,0.2869353,0.26251513,136.88654
26/05/2023 18:34,59.793556,54.79554,61.330906,0.2869353,0.27472523,136.86095
26/05/2023 18:34,59.793556,54.79554,61.330906,0.2869353,0.27472523,136.81134
26/05/2023 18:34,59.793556,54.79554,61.330906,0.2869353,0.26251513,136.86095
26/05/2023 18:34,59.793556,54.79554,61.330906,0.27472523,0.26251513,136.86095
26/05/2023 18:34,59.767498,54.743523,61.30484,0.2869353,0.26251513,137.01134
26/05/2023 18:35,59.793556,54.79554,61.330906,0.2869353,0.2869353,136.86095
26/05/2023 18:35,59.793556,54.769543,61.330906,0.2991454,0.27472523,136.86095
26/05/2023 18:35,59.793556,54.769543,61.330906,0.2869353,0.2869353,136.86095
26/05/2023 18:35,59.793556,54.769543,61.330906,0.2991454,0.27472523,136.86095
26/05/2023 18:35,59.793556,54.769543,61.330906,0.2991454,0.2869353,136.86095
26/05/2023 18:35,59.767498,54.769543,61.330906,0.2869353,0.27472523,136.88654
26/05/2023 18:36,59.793556,54.769543,61.330906,0.2869353,0.27472523,136.88654
26/05/2023 18:36,59.793556,54.769543,61.330906,0.2869353,0.2869353,136.91212
26/05/2023 18:36,59.793556,54.769543,61.330906,0.2869353,0.27472523,136.91212
26/05/2023 18:36,59.793556,54.769543,61.330906,0.2869353,0.27472523,136.93771
26/05/2023 18:36,59.793556,54.769543,61.330906,0.2869353,0.2869353,136.98889
26/05/2023 18:36,59.793556,54.769543,61.330906,0.2869353,0.27472523,137.04008
26/05/2023 18:37,59.793556,54.769543,61.330906,0.2869353,0.2869353,137.06569
26/05/2023 18:37,59.793556,54.769543,61.330906,0.2991454,0.2991454,137.09128
26/05/2023 18:37,59.793556,54.769543,61.330906,0.31135547,0.27472523,137.11688
26/05/2023 18:37,59.793556,54.769543,61.330906,0.2869353,0.2869353,137.16809
26/05/2023 18:37,59.793556,54.769543,61.330906,0.2991454,0.27472523,137.19368
26/05/2023 18:37,59.793556,54.769543,61.330906,0.2869353,0.2869353,137.29451
26/05/2023 18:38,59.793556,54.743523,61.30484,0.2869353,0.2869353,137.2705
26/05/2023 18:38,59.793556,54.743523,61.330906,0.2991454,0.2869353,137.39694
26/05/2023 18:38,59.793556,54.743523,61.330906,0.2869353,0.27472523,137.34734
26/05/2023 18:38,59.793556,54.743523,61.330906,0.2869353,0.26251513,137.37294
26/05/2023 18:38,59.793556,54.743523,61.330906,0.2991454,0.27472523,137.37294
26/05/2023 18:38,59.793556,54.743523,61.330906,0.32356495,0.27472523,137.39856
26/05/2023 18:39,59.793556,54.743523,61.330906,0.2991454,0.2869353,137.42418
26/05/2023 18:39,59.793556,54.743523,61.330906,0.2869353,0.27472523,137.52501
26/05/2023 18:39,59.793556,54.743523,61.330906,0.2991454,0.27472523,137.42418
26/05/2023 18:39,59.793556,54.743523,61.330906,0.2991454,0.27472523,137.47379
26/05/2023 18:39,59.793556,54.743523,61.330906,0.2869353,0.26251513,137.47379
26/05/2023 18:39,59.793556,54.743523,61.330906,0.2869353,0.27472523,137.44817
26/05/2023 18:40,59.767498,54.743523,61.330906,0.2869353,0.26251513,137.52339
26/05/2023 18:40,59.767498,54.717506,61.30484,0.2991454,0.27472523,137.49779
26/05/2023 18:40,59.767498,54.717506,61.30484,0.2869353,0.2869353,137.49779
26/05/2023 18:40,59.767498,54.717506,61.330906,0.2991454,0.26251513,137.47217
26/05/2023 18:40,59.767498,54.717506,61.30484,0.2991454,0.25030506,137.47217
26/05/2023 18:40,59.767498,54.717506,61.330906,0.2991454,0.26251513,137.47217
26/05/2023 18:41,59.767498,54.717506,61.330906,0.2869353,0.27472523,137.47217
26/05/2023 18:41,59.767498,54.717506,61.30484,0.31135547,0.27472523,137.5474
26/05/2023 18:41,59.741444,54.69149,61.27879,0.2991454,0.26251513,137.42093
26/05/2023 18:41,59.767498,54.717506,61.30484,0.2991454,0.26251513,137.47057
26/05/2023 18:41,59.767498,54.717506,61.30484,0.31135547,0.27472523,137.41933
26/05/2023 18:41,59.767498,54.717506,61.30484,0.32356495,0.26251513,137.36813
26/05/2023 18:42,59.767498,54.717506,61.30484,0.32356495,0.26251513,137.34251
26/05/2023 18:42,59.767498,54.69149,61.30484,0.2869353,0.27472523,137.29132
26/05/2023 18:42,59.767498,54.69149,61.27879,0.31135547,0.26251513,137.24011
26/05/2023 18:42,59.793556,54.69149,61.30484,0.2991454,0.23809497,137.18892
26/05/2023 18:42,59.767498,54.69149,61.30484,0.2991454,0.26251513,137.16333
26/05/2023 18:42,59.793556,54.69149,61.30484,0.31135547,0.26251513,137.28815
26/05/2023 18:43,59.767498,54.69149,61.30484,0.2991454,0.27472523,137.13773
26/05/2023 18:43,59.793556,54.69149,61.30484,0.27472523,0.25030506,137.11215
26/05/2023 18:43,59.793556,54.69149,61.30484,0.2991454,0.26251513,137.16176
26/05/2023 18:43,59.767498,54.665493,61.27879,0.2991454,0.25030506,137.06096
26/05/2023 18:43,59.767498,54.69149,61.30484,0.2991454,0.26251513,137.03535
26/05/2023 18:43,59.793556,54.69149,61.30484,0.2991454,0.26251513,137.08499
26/05/2023 18:44,59.767498,54.665493,61.30484,0.2991454,0.26251513,137.0594
26/05/2023 18:44,59.767498,54.665493,61.30484,0.31135547,0.27472523,137.0594
26/05/2023 18:44,59.767498,54.665493,61.30484,0.2991454,0.27472523,137.0594
26/05/2023 18:44,59.741444,54.639477,61.27879,0.2869353,0.27472523,136.98419
26/05/2023 18:44,59.767498,54.665493,61.30484,0.27472523,0.27472523,136.98419
26/05/2023 18:44,59.767498,54.639477,61.30484,0.31135547,0.26251513,137.00978
26/05/2023 18:45,59.767498,54.639477,61.30484,0.2991454,0.26251513,137.03535
26/05/2023 18:45,59.767498,54.639477,61.30484,0.2991454,0.27472523,137.06096
26/05/2023 18:45,59.767498,54.639477,61.30484,0.2991454,0.27472523,137.11215
26/05/2023 18:45,59.767498,54.639477,61.30484,0.2991454,0.26251513,137.16333
26/05/2023 18:45,59.741444,54.587467,61.252724,0.2991454,0.2869353,137.21451
26/05/2023 18:45,59.767498,54.613464,61.30484,0.31135547,0.26251513,137.24011
26/05/2023 18:46,59.767498,54.613464,61.30484,0.2991454,0.26251513,137.29132
26/05/2023 18:46,59.767498,54.613464,61.30484,0.31135547,0.27472523,137.34251
26/05/2023 18:46,59.767498,54.613464,61.30484,0.31135547,0.27472523,137.36813
26/05/2023 18:46,59.767498,54.613464,61.30484,0.2991454,0.27472523,137.39374
26/05/2023 18:46,59.767498,54.587467,61.27879,0.31135547,0.27472523,137.36972
26/05/2023 18:46,59.767498,54.587467,61.30484,0.2991454,0.27472523,137.49615
26/05/2023 18:47,59.767498,54.587467,61.30484,0.2869353,0.27472523,137.44655
26/05/2023 18:47,59.767498,54.587467,61.30484,0.2991454,0.27472523,137.5474
26/05/2023 18:47,59.767498,54.587467,61.30484,0.32356495,0.27472523,137.57301
26/05/2023 18:47,59.767498,54.56145,61.30484,0.2869353,0.25030506,137.52339
26/05/2023 18:47,59.767498,54.56145,61.30484,0.2991454,0.26251513,137.59862
26/05/2023 18:47,59.767498,54.535435,61.252724,0.31135547,0.2869353,137.62424
26/05/2023 18:48,59.767498,54.56145,61.30484,0.2991454,0.27472523,137.62424
26/05/2023 18:48,59.767498,54.56145,61.30484,0.2991454,0.26251513,137.59862
26/05/2023 18:48,59.767498,54.535435,61.30484,0.2991454,0.2869353,137.59862
26/05/2023 18:48,59.767498,54.535435,61.30484,0.2991454,0.27472523,137.64824
26/05/2023 18:48,59.767498,54.535435,61.30484,0.2869353,0.2869353,137.5474
26/05/2023 18:48,59.767498,54.509422,61.27879,0.2991454,0.2869353,137.69786
26/05/2023 18:49,59.767498,54.509422,61.30484,0.31135547,0.2869353,137.62262
26/05/2023 18:49,59.767498,54.509422,61.30484,0.31135547,0.27472523,137.597
26/05/2023 18:49,59.767498,54.509422,61.30484,0.2991454,0.2869353,137.597
26/05/2023 18:49,59.767498,54.483425,61.27879,0.2991454,0.2869353,137.597
26/05/2023 18:49,59.767498,54.483425,61.27879,0.31135547,0.2869353,137.67224
26/05/2023 18:49,59.767498,54.483425,61.27879,0.2869353,0.27472523,137.597
26/05/2023 18:50,59.741444,54.431396,61.252724,0.2869353,0.2869353,137.597
26/05/2023 18:50,59.767498,54.457413,61.27879,0.2869353,0.27472523,137.597
26/05/2023 18:50,59.767498,54.457413,61.30484,0.2869353,0.2991454,137.67224
26/05/2023 18:50,59.767498,54.431396,61.27879,0.2869353,0.2991454,137.62262
26/05/2023 18:50,59.767498,54.431396,61.27879,0.2991454,0.27472523,137.69786
26/05/2023 18:50,59.767498,54.405384,61.27879,0.31135547,0.2869353,137.62262
26/05/2023 18:51,59.767498,54.405384,61.252724,0.2991454,0.2869353,137.62262
26/05/2023 18:51,59.767498,54.405384,61.27879,0.2991454,0.2869353,137.72348
26/05/2023 18:51,59.767498,54.37939,61.27879,0.2869353,0.27472523,137.64824
26/05/2023 18:51,59.767498,54.37939,61.27879,0.2991454,0.2869353,137.72348
26/05/2023 18:51,59.767498,54.37939,61.27879,0.31135547,0.2869353,137.62262
26/05/2023 18:51,59.767498,54.37939,61.27879,0.2869353,0.2869353,137.62262
26/05/2023 18:52,59.767498,54.353374,61.27879,0.2869353,0.2869353,137.597
26/05/2023 18:52,59.741444,54.327362,61.252724,0.27472523,0.2991454,137.597
26/05/2023 18:52,59.767498,54.353374,61.27879,0.2991454,0.2869353,137.52177
26/05/2023 18:52,59.767498,54.327362,61.27879,0.2869353,0.27472523,137.597
26/05/2023 18:52,59.767498,54.327362,61.27879,0.2991454,0.27472523,137.5474
26/05/2023 18:52,59.767498,54.327362,61.27879,0.2991454,0.27472523,137.5474
26/05/2023 18:53,59.767498,54.30137,61.27879,0.27472523,0.2869353,137.52177
26/05/2023 18:53,59.767498,54.275356,61.252724,0.2869353,0.2869353,137.57138
26/05/2023 18:53,59.767498,54.30137,61.27879,0.2869353,0.27472523,137.54579
26/05/2023 18:53,59.767498,54.30137,61.27879,0.31135547,0.2991454,137.47057
26/05/2023 18:53,59.767498,54.275356,61.27879,0.31135547,0.27472523,137.47057
26/05/2023 18:53,59.767498,54.275356,61.27879,0.2869353,0.2869353,137.44495
26/05/2023 18:54,59.767498,54.275356,61.27879,0.2991454,0.27472523,137.36972
26/05/2023 18:54,59.767498,54.275356,61.27879,0.2991454,0.27472523,137.44495
26/05/2023 18:54,59.741444,54.223328,61.252724,0.2991454,0.2869353,137.36972
26/05/2023 18:54,59.767498,54.24934,61.27879,0.31135547,0.2991454,137.44495
26/05/2023 18:54,59.767498,54.24934,61.27879,0.2869353,0.2869353,137.41933
26/05/2023 18:54,59.767498,54.24934,61.27879,0.2991454,0.2991454,137.34412
26/05/2023 18:55,59.741444,54.223328,61.27879,0.2869353,0.27472523,137.36972
26/05/2023 18:55,59.767498,54.223328,61.27879,0.2869353,0.2991454,137.36972
26/05/2023 18:55,59.741444,54.197334,61.27879,0.2869353,0.27472523,137.39534
26/05/2023 18:55,59.767498,54.223328,61.27879,0.27472523,0.2869353,137.39534
26/05/2023 18:55,59.767498,54.223328,61.27879,0.2869353,0.2991454,137.36972
26/05/2023 18:55,59.767498,54.223328,61.27879,0.2869353,0.2869353,137.44495
26/05/2023 18:56,59.767498,54.197334,61.27879,0.2991454,0.2869353,137.41933
26/05/2023 18:56,59.767498,54.197334,61.27879,0.2991454,0.27472523,137.41933
26/05/2023 18:56,59.767498,54.197334,61.27879,0.2869353,0.27472523,137.41933
26/05/2023 18:56,59.767498,54.197334,61.252724,0.2869353,0.2869353,137.34412
26/05/2023 18:56,59.767498,54.197334,61.27879,0.2991454,0.27472523,137.34412
26/05/2023 18:56,59.767498,54.197334,61.27879,0.27472523,0.27472523,137.34412
26/05/2023 18:57,59.767498,54.197334,61.27879,0.2869353,0.2869353,137.41933
26/05/2023 18:57,59.793556,54.197334,61.27879,0.27472523,0.27472523,137.41933
26/05/2023 18:57,59.793556,54.197334,61.27879,0.2869353,0.2991454,137.34412
26/05/2023 18:57,59.767498,54.197334,61.252724,0.2869353,0.2991454,137.41933
26/05/2023 18:57,59.767498,54.197334,61.27879,0.2869353,0.2869353,137.41933
26/05/2023 18:57,59.793556,54.197334,61.27879,0.2869353,0.2869353,137.44495
26/05/2023 18:58,59.793556,54.223328,61.27879,0.2991454,0.27472523,137.47057
26/05/2023 18:58,59.793556,54.223328,61.27879,0.2869353,0.2869353,137.49615
26/05/2023 18:58,59.793556,54.223328,61.27879,0.2869353,0.26251513,137.52177
26/05/2023 18:58,59.793556,54.223328,61.27879,0.31135547,0.2869353,137.5474
26/05/2023 18:58,59.767498,54.223328,61.252724,0.27472523,0.27472523,137.59862
26/05/2023 18:58,59.793556,54.24934,61.27879,0.27472523,0.2869353,137.62424
26/05/2023 18:59,59.793556,54.24934,61.27879,0.2869353,0.27472523,137.67546
26/05/2023 18:59,59.793556,54.24934,61.27879,0.2991454,0.26251513,137.7011
26/05/2023 18:59,59.793556,54.24934,61.27879,0.2991454,0.26251513,137.72672
26/05/2023 18:59,59.793556,54.24934,61.27879,0.2869353,0.27472523,137.8532
26/05/2023 18:59,59.793556,54.275356,61.27879,0.2991454,0.26251513,137.80359
26/05/2023 18:59,59.793556,54.275356,61.27879,0.2869353,0.27472523,137.87883
26/05/2023 19:00,59.793556,54.275356,61.27879,0.2869353,0.26251513,137.87883
26/05/2023 19:00,59.767498,54.30137,61.27879,0.27472523,0.27472523,137.92844
26/05/2023 19:00,59.767498,54.30137,61.27879,0.2991454,0.27472523,137.92844
26/05/2023 19:00,59.767498,54.30137,61.27879,0.2869353,0.27472523,137.90283
26/05/2023 19:00,59.767498,54.30137,61.27879,0.2869353,0.26251513,137.8772
26/05/2023 19:00,59.767498,54.30137,61.252724,0.27472523,0.26251513,137.95244
26/05/2023 19:01,59.767498,54.327362,61.27879,0.2869353,0.27472523,137.92682
26/05/2023 19:01,59.767498,54.327362,61.27879,0.2869353,0.26251513,137.92682
26/05/2023 19:01,59.767498,54.327362,61.27879,0.27472523,0.27472523,137.90118
26/05/2023 19:01,59.767498,54.353374,61.27879,0.2991454,0.26251513,137.90118
26/05/2023 19:01,59.767498,54.353374,61.27879,0.2869353,0.27472523,137.9252
26/05/2023 19:01,59.767498,54.353374,61.27879,0.2869353,0.27472523,137.87396
26/05/2023 19:02,59.767498,54.353374,61.27879,0.2991454,0.2869353,137.82272
26/05/2023 19:02,59.767498,54.353374,61.27879,0.2991454,0.26251513,137.79709
26/05/2023 19:02,59.767498,54.353374,61.27879,0.2869353,0.26251513,137.7715
26/05/2023 19:02,59.767498,54.353374,61.27879,0.2991454,0.27472523,137.7955
26/05/2023 19:02,59.741444,54.37939,61.27879,0.2991454,0.27472523,137.66904
26/05/2023 19:02,59.741444,54.37939,61.27879,0.2869353,0.26251513,137.71866
26/05/2023 19:03,59.741444,54.353374,61.252724,0.2869353,0.27472523,137.66745
26/05/2023 19:03,59.741444,54.37939,61.27879,0.27472523,0.27472523,137.61623
26/05/2023 19:03,59.741444,54.37939,61.27879,0.27472523,0.27472523,137.61623
26/05/2023 19:03,59.741444,54.37939,61.27879,0.2991454,0.2869353,137.66585
26/05/2023 19:03,59.741444,54.37939,61.27879,0.2991454,0.26251513,137.64026
26/05/2023 19:03,59.741444,54.37939,61.27879,0.2869353,0.26251513,137.64026
26/05/2023 19:04,59.741444,54.37939,61.27879,0.2991454,0.27472523,137.61465
26/05/2023 19:04,59.741444,54.353374,61.27879,0.2991454,0.26251513,137.61465
26/05/2023 19:04,59.741444,54.353374,61.27879,0.2991454,0.27472523,137.58905
26/05/2023 19:04,59.741444,54.353374,61.27879,0.31135547,0.26251513,137.56346
26/05/2023 19:04,59.741444,54.353374,61.27879,0.2991454,0.26251513,137.56346
26/05/2023 19:04,59.741444,54.353374,61.27879,0.2991454,0.2869353,137.56346
26/05/2023 19:05,59.741444,54.353374,61.27879,0.2991454,0.26251513,137.58905
26/05/2023 19:05,59.741444,54.327362,61.252724,0.2869353,0.27472523,137.61465
26/05/2023 19:05,59.741444,54.327362,61.27879,0.2869353,0.27472523,137.61465
26/05/2023 19:05,59.741444,54.327362,61.252724,0.2869353,0.26251513,137.61465
26/05/2023 19:05,59.741444,54.327362,61.27879,0.2869353,0.26251513,137.56503
26/05/2023 19:05,59.741444,54.327362,61.252724,0.2869353,0.26251513,137.64026
26/05/2023 19:06,59.741444,54.30137,61.252724,0.2991454,0.27472523,137.64026
26/05/2023 19:06,59.741444,54.30137,61.252724,0.2869353,0.27472523,137.66585
26/05/2023 19:06,59.741444,54.30137,61.252724,0.2869353,0.27472523,137.69147
26/05/2023 19:06,59.741444,54.30137,61.252724,0.2991454,0.27472523,137.69147
26/05/2023 19:06,59.741444,54.30137,61.252724,0.2869353,0.26251513,137.74109
26/05/2023 19:06,59.741444,54.275356,61.252724,0.31135547,0.27472523,137.64026
26/05/2023 19:07,59.741444,54.275356,61.252724,0.31135547,0.27472523,137.64026
26/05/2023 19:07,59.741444,54.275356,61.252724,0.2991454,0.27472523,137.66585
26/05/2023 19:07,59.741444,54.24934,61.252724,0.31135547,0.26251513,137.69147
26/05/2023 19:07,59.741444,54.24934,61.252724,0.2991454,0.26251513,137.74269
26/05/2023 19:07,59.741444,54.24934,61.252724,0.2991454,0.26251513,137.7939
26/05/2023 19:07,59.741444,54.24934,61.252724,0.2869353,0.26251513,137.81952
26/05/2023 19:08,59.741444,54.223328,61.252724,0.2869353,0.27472523,137.87074
26/05/2023 19:08,59.741444,54.223328,61.252724,0.2869353,0.27472523,137.82112
26/05/2023 19:08,59.741444,54.223328,61.252724,0.31135547,0.2869353,137.94759
26/05/2023 19:08,59.741444,54.197334,61.252724,0.2991454,0.27472523,137.89796
26/05/2023 19:08,59.741444,54.197334,61.252724,0.2869353,0.26251513,137.99884
26/05/2023 19:08,59.741444,54.197334,61.252724,0.2869353,0.27472523,137.94922
26/05/2023 19:09,59.741444,54.197334,61.252724,0.2991454,0.27472523,137.97482
26/05/2023 19:09,59.741444,54.171326,61.252724,0.27472523,0.26251513,138.00044
26/05/2023 19:09,59.741444,54.171326,61.252724,0.2869353,0.2869353,138.10133
26/05/2023 19:09,59.741444,54.171326,61.252724,0.2869353,0.27472523,138.07732
26/05/2023 19:09,59.741444,54.171326,61.252724,0.2869353,0.27472523,138.1782
26/05/2023 19:09,59.741444,54.145313,61.252724,0.2991454,0.27472523,138.1782
26/05/2023 19:10,59.741444,54.145313,61.252724,0.2991454,0.26251513,138.1782
26/05/2023 19:10,59.741444,54.145313,61.252724,0.32356495,0.26251513,138.15257
26/05/2023 19:10,59.741444,54.11932,61.252724,0.2991454,0.2869353,138.15257
26/05/2023 19:10,59.741444,54.11932,61.252724,0.31135547,0.27472523,138.2022
26/05/2023 19:10,59.741444,54.11932,61.252724,0.2991454,0.27472523,138.12694
26/05/2023 19:10,59.741444,54.11932,61.252724,0.2869353,0.27472523,138.10133
26/05/2023 19:11,59.741444,54.093307,61.252724,0.2869353,0.27472523,138.17659
26/05/2023 19:11,59.741444,54.093307,61.252724,0.31135547,0.27472523,138.10133
26/05/2023 19:11,59.741444,54.093307,61.252724,0.2991454,0.2869353,138.15096
26/05/2023 19:11,59.741444,54.093307,61.252724,0.2869353,0.26251513,138.12532
26/05/2023 19:11,59.741444,54.093307,61.252724,0.2869353,0.26251513,138.07408
26/05/2023 19:11,59.741444,54.067295,61.252724,0.2991454,0.26251513,138.02283
26/05/2023 19:12,59.741444,54.067295,61.252724,0.2991454,0.27472523,137.99722
26/05/2023 19:12,59.741444,54.067295,61.252724,0.2991454,0.27472523,137.94598
26/05/2023 19:12,59.741444,54.067295,61.252724,0.2991454,0.27472523,137.89476
26/05/2023 19:12,59.741444,54.041286,61.252724,0.2991454,0.27472523,137.86914
26/05/2023 19:12,59.741444,54.041286,61.252724,0.31135547,0.27472523,137.84352
26/05/2023 19:12,59.741444,54.041286,61.252724,0.2991454,0.27472523,137.89317
26/05/2023 19:13,59.741444,54.041286,61.252724,0.2991454,0.26251513,137.7667
26/05/2023 19:13,59.741444,54.015293,61.252724,0.2991454,0.27472523,137.81633
26/05/2023 19:13,59.741444,54.015293,61.252724,0.2991454,0.26251513,137.68988
26/05/2023 19:13,59.741444,54.015293,61.252724,0.2991454,0.27472523,137.66428
26/05/2023 19:13,59.741444,54.015293,61.252724,0.2869353,0.26251513,137.71393
26/05/2023 19:13,59.741444,54.015293,61.252724,0.2869353,0.2869353,137.71393
26/05/2023 19:14,59.741444,54.015293,61.252724,0.2991454,0.26251513,137.63869
26/05/2023 19:14,59.741444,54.015293,61.252724,0.2991454,0.2869353,137.63869
26/05/2023 19:14,59.741444,53.98928,61.252724,0.2991454,0.26251513,137.63869
26/05/2023 19:14,59.741444,53.98928,61.226654,0.2869353,0.26251513,137.63869
26/05/2023 19:14,59.741444,53.98928,61.226654,0.2991454,0.27472523,137.71393
26/05/2023 19:14,59.741444,53.98928,61.226654,0.2991454,0.26251513,137.71393
26/05/2023 19:15,59.741444,53.98928,61.226654,0.2869353,0.27472523,137.71393
26/05/2023 19:15,59.741444,53.98928,61.226654,0.32356495,0.26251513,137.63869
26/05/2023 19:15,59.741444,53.98928,61.226654,0.2869353,0.2869353,137.63869
26/05/2023 19:15,59.741444,53.98928,61.226654,0.2991454,0.26251513,137.71393
26/05/2023 19:15,59.741444,53.98928,61.226654,0.31135547,0.2869353,137.71393
26/05/2023 19:15,59.741444,53.98928,61.226654,0.2869353,0.27472523,137.71393
26/05/2023 19:16,59.741444,53.98928,61.226654,0.2991454,0.26251513,137.71393
26/05/2023 19:16,59.741444,53.98928,61.226654,0.2991454,0.27472523,137.71393
26/05/2023 19:16,59.741444,53.98928,61.226654,0.27472523,0.27472523,137.73952
26/05/2023 19:16,59.741444,53.98928,61.226654,0.2869353,0.2869353,137.76512
26/05/2023 19:16,59.741444,53.98928,61.226654,0.2991454,0.27472523,137.73952
26/05/2023 19:16,59.741444,53.98928,61.226654,0.2869353,0.26251513,137.73952
26/05/2023 19:17,59.741444,53.98928,61.226654,0.27472523,0.27472523,137.76512
26/05/2023 19:17,59.741444,53.98928,61.226654,0.2869353,0.26251513,137.81633
26/05/2023 19:17,59.715385,53.98928,61.226654,0.27472523,0.25030506,137.84193
26/05/2023 19:17,59.741444,53.98928,61.226654,0.2991454,0.2869353,137.91876
26/05/2023 19:17,59.741444,53.98928,61.226654,0.31135547,0.26251513,138.01964
26/05/2023 19:17,59.741444,53.98928,61.226654,0.2869353,0.26251513,137.97
26/05/2023 19:18,59.741444,53.98928,61.226654,0.2991454,0.27472523,138.09648
26/05/2023 19:18,59.741444,53.98928,61.226654,0.27472523,0.27472523,138.14774
26/05/2023 19:18,59.741444,53.98928,61.226654,0.2869353,0.26251513,138.17334
26/05/2023 19:18,59.741444,53.98928,61.226654,0.2869353,0.27472523,138.14934
26/05/2023 19:18,59.741444,53.98928,61.226654,0.2869353,0.27472523,138.17497
26/05/2023 19:18,59.741444,53.98928,61.226654,0.2991454,0.27472523,138.20058
26/05/2023 19:19,59.741444,53.98928,61.226654,0.2869353,0.27472523,138.3271
26/05/2023 19:19,59.741444,53.98928,61.226654,0.2869353,0.2869353,138.3271
26/05/2023 19:19,59.741444,53.98928,61.226654,0.31135547,0.27472523,138.35272
26/05/2023 19:19,59.741444,53.98928,61.20059,0.31135547,0.2869353,138.3031
26/05/2023 19:19,59.741444,53.98928,61.226654,0.2869353,0.27472523,138.37836
26/05/2023 19:19,59.741444,53.98928,61.20059,0.2991454,0.2869353,138.35272
26/05/2023 19:20,59.741444,53.98928,61.20059,0.2991454,0.27472523,138.35272
26/05/2023 19:20,59.741444,53.98928,61.20059,0.2991454,0.27472523,138.40237
26/05/2023 19:20,59.741444,53.98928,61.20059,0.2869353,0.2869353,138.3271
26/05/2023 19:20,59.741444,53.98928,61.20059,0.2991454,0.2991454,138.37674
26/05/2023 19:20,59.715385,53.98928,61.20059,0.2991454,0.27472523,138.37674
26/05/2023 19:20,59.741444,53.98928,61.20059,0.2991454,0.2869353,138.45201
26/05/2023 19:21,59.715385,53.98928,61.20059,0.2991454,0.2869353,138.3511
26/05/2023 19:21,59.715385,53.98928,61.20059,0.2991454,0.2869353,138.3511
26/05/2023 19:21,59.715385,53.98928,61.20059,0.31135547,0.27472523,138.3511
26/05/2023 19:21,59.715385,53.98928,61.20059,0.2991454,0.27472523,138.29987
26/05/2023 19:21,59.715385,53.98928,61.20059,0.2869353,0.26251513,138.34949
26/05/2023 19:21,59.715385,53.98928,61.20059,0.2991454,0.2869353,138.32387
26/05/2023 19:22,59.715385,53.98928,61.20059,0.2991454,0.27472523,138.27263
26/05/2023 19:22,59.715385,53.98928,61.20059,0.31135547,0.27472523,138.22139
26/05/2023 19:22,59.715385,53.98928,61.20059,0.2869353,0.27472523,138.19577
26/05/2023 19:22,59.715385,53.98928,61.20059,0.2991454,0.26251513,138.14452
26/05/2023 19:22,59.715385,53.98928,61.20059,0.32356495,0.26251513,138.19417
26/05/2023 19:22,59.715385,53.98928,61.20059,0.2869353,0.27472523,138.06769
26/05/2023 19:23,59.715385,53.98928,61.20059,0.31135547,0.26251513,138.01646
26/05/2023 19:23,59.715385,53.98928,61.20059,0.31135547,0.27472523,137.99086
26/05/2023 19:23,59.715385,53.98928,61.20059,0.2869353,0.27472523,137.99086
26/05/2023 19:23,59.715385,53.98928,61.20059,0.2991454,0.26251513,137.96524
26/05/2023 19:23,59.715385,53.98928,61.20059,0.2869353,0.26251513,137.8644
26/05/2023 19:23,59.715385,53.98928,61.20059,0.31135547,0.27472523,137.91403
26/05/2023 19:24,59.715385,53.98928,61.20059,0.32356495,0.27472523,137.83879
26/05/2023 19:24,59.715385,53.963272,61.20059,0.2991454,0.26251513,137.88843
26/05/2023 19:24,59.715385,53.963272,61.20059,0.31135547,0.27472523,137.88843
26/05/2023 19:24,59.715385,53.963272,61.20059,0.33577502,0.26251513,137.88843
26/05/2023 19:24,59.715385,53.963272,61.20059,0.2991454,0.26251513,137.81319
26/05/2023 19:24,59.715385,53.963272,61.20059,0.31135547,0.27472523,137.86282
26/05/2023 19:25,59.715385,53.963272,61.20059,0.31135547,0.26251513,137.86282
26/05/2023 19:25,59.715385,53.937283,61.20059,0.2991454,0.27472523,137.86282
26/05/2023 19:25,59.715385,53.937283,61.20059,0.2991454,0.27472523,137.88843
26/05/2023 19:25,59.715385,53.937283,61.20059,0.2991454,0.27472523,137.81319
26/05/2023 19:25,59.715385,53.937283,61.20059,0.2869353,0.27472523,137.91403
26/05/2023 19:25,59.715385,53.937283,61.174538,0.2869353,0.27472523,137.91403
26/05/2023 19:26,59.715385,53.937283,61.20059,0.2991454,0.27472523,137.88843
26/05/2023 19:26,59.715385,53.937283,61.20059,0.2991454,0.26251513,137.83879
26/05/2023 19:26,59.715385,53.91127,61.20059,0.31135547,0.26251513,137.83879
26/05/2023 19:26,59.715385,53.91127,61.174538,0.2991454,0.27472523,137.93965
26/05/2023 19:26,59.715385,53.91127,61.174538,0.2991454,0.27472523,137.81476
26/05/2023 19:26,59.715385,53.91127,61.174538,0.31135547,0.27472523,137.94122
26/05/2023 19:27,59.715385,53.91127,61.174538,0.31135547,0.27472523,137.96681
26/05/2023 19:27,59.715385,53.91127,61.174538,0.2869353,0.27472523,138.01805
26/05/2023 19:27,59.715385,53.91127,61.174538,0.2991454,0.26251513,138.14452
26/05/2023 19:27,59.715385,53.91127,61.174538,0.2991454,0.27472523,138.09488
26/05/2023 19:27,59.68935,53.91127,61.174538,0.2991454,0.27472523,138.14613
26/05/2023 19:27,59.68935,53.91127,61.174538,0.27472523,0.26251513,138.1221
26/05/2023 19:28,59.68935,53.91127,61.174538,0.2869353,0.2869353,138.2486
26/05/2023 19:28,59.68935,53.91127,61.174538,0.2991454,0.27472523,138.27423
26/05/2023 19:28,59.68935,53.91127,61.174538,0.31135547,0.2869353,138.25023
26/05/2023 19:28,59.68935,53.88526,61.14847,0.31135547,0.27472523,138.27583
26/05/2023 19:28,59.68935,53.91127,61.174538,0.31135547,0.26251513,138.37674
26/05/2023 19:28,59.68935,53.91127,61.14847,0.31135547,0.27472523,138.40237
26/05/2023 19:29,59.68935,53.91127,61.14847,0.2869353,0.27472523,138.428
26/05/2023 19:29,59.68935,53.91127,61.174538,0.2869353,0.26251513,138.428
26/05/2023 19:29,59.68935,53.91127,61.174538,0.2869353,0.27472523,138.40237
26/05/2023 19:29,59.68935,53.91127,61.174538,0.2991454,0.27472523,138.47765
26/05/2023 19:29,59.68935,53.91127,61.174538,0.31135547,0.27472523,138.45201
26/05/2023 19:29,59.68935,53.91127,61.174538,0.2869353,0.27472523,138.52728
26/05/2023 19:30,59.68935,53.91127,61.174538,0.2991454,0.27472523,138.42638
26/05/2023 19:30,59.68935,53.91127,61.14847,0.2869353,0.2869353,138.42638
26/05/2023 19:30,59.663296,53.91127,61.174538,0.2991454,0.2869353,138.42638
26/05/2023 19:30,59.663296,53.91127,61.174538,0.31135547,0.27472523,138.50165
26/05/2023 19:30,59.663296,53.91127,61.174538,0.31135547,0.2869353,138.40076
26/05/2023 19:30,59.663296,53.91127,61.174538,0.2869353,0.27472523,138.40076
26/05/2023 19:31,59.663296,53.91127,61.174538,0.2869353,0.27472523,138.47603
26/05/2023 19:31,59.663296,53.91127,61.174538,0.2869353,0.2869353,138.4504
26/05/2023 19:31,59.68935,53.91127,61.174538,0.2869353,0.2869353,138.42476
26/05/2023 19:31,59.68935,53.91127,61.174538,0.27472523,0.2869353,138.39912
26/05/2023 19:31,59.68935,53.91127,61.174538,0.2869353,0.26251513,138.37352
26/05/2023 19:31,59.68935,53.91127,61.174538,0.2991454,0.2869353,138.32227
26/05/2023 19:32,59.663296,53.91127,61.174538,0.2991454,0.2869353,138.27103
26/05/2023 19:32,59.663296,53.91127,61.174538,0.2991454,0.27472523,138.21977
26/05/2023 19:32,59.663296,53.88526,61.14847,0.2991454,0.27472523,138.16855
26/05/2023 19:32,59.663296,53.91127,61.14847,0.2991454,0.2869353,138.04207
26/05/2023 19:32,59.663296,53.91127,61.174538,0.2991454,0.2869353,138.09172
26/05/2023 19:32,59.663296,53.91127,61.174538,0.2869353,0.2991454,137.96524
26/05/2023 19:33,59.663296,53.91127,61.174538,0.31135547,0.27472523,138.0149
26/05/2023 19:33,59.663296,53.91127,61.174538,0.2991454,0.27472523,138.0149
26/05/2023 19:33,59.663296,53.91127,61.14847,0.2869353,0.2869353,137.96367
26/05/2023 19:33,59.663296,53.88526,61.174538,0.32356495,0.2869353,137.93806
26/05/2023 19:33,59.663296,53.88526,61.174538,0.2991454,0.2869353,137.83723
26/05/2023 19:33,59.663296,53.88526,61.14847,0.2869353,0.2869353,137.91248
26/05/2023 19:34,59.663296,53.88526,61.174538,0.2991454,0.27472523,137.83723
26/05/2023 19:34,59.663296,53.88526,61.14847,0.2991454,0.27472523,137.88687
26/05/2023 19:34,59.663296,53.88526,61.14847,0.31135547,0.27472523,137.88687
26/05/2023 19:34,59.63724,53.85925,61.14847,0.2869353,0.2991454,137.78603
26/05/2023 19:34,59.663296,53.88526,61.174538,0.2991454,0.27472523,137.86127
26/05/2023 19:34,59.663296,53.85925,61.14847,0.2869353,0.2869353,137.96211
26/05/2023 19:35,59.63724,53.85925,61.14847,0.2991454,0.2869353,137.88687
26/05/2023 19:35,59.63724,53.85925,61.14847,0.31135547,0.2991454,137.81163
26/05/2023 19:35,59.63724,53.85925,61.14847,0.2991454,0.2869353,137.81163
26/05/2023 19:35,59.63724,53.85925,61.14847,0.2991454,0.2869353,137.88687
26/05/2023 19:35,59.63724,53.85925,61.14847,0.32356495,0.2869353,137.81163
26/05/2023 19:35,59.63724,53.85925,61.14847,0.31135547,0.2869353,137.88687
26/05/2023 19:36,59.63724,53.83326,61.14847,0.31135547,0.2991454,137.83723
26/05/2023 19:36,59.63724,53.83326,61.14847,0.2991454,0.27472523,137.88843
26/05/2023 19:36,59.63724,53.83326,61.14847,0.2869353,0.2869353,137.8644
26/05/2023 19:36,59.63724,53.83326,61.14847,0.2869353,0.2991454,137.99086
26/05/2023 19:36,59.63724,53.83326,61.14847,0.31135547,0.2869353,138.06769
26/05/2023 19:36,59.63724,53.83326,61.14847,0.31135547,0.31135547,138.09329
26/05/2023 19:37,59.63724,53.83326,61.14847,0.2991454,0.2991454,138.14452
26/05/2023 19:37,59.63724,53.80725,61.14847,0.31135547,0.2869353,138.17014
26/05/2023 19:37,59.63724,53.80725,61.14847,0.32356495,0.2991454,138.12051
26/05/2023 19:37,59.63724,53.80725,61.14847,0.2991454,0.2991454,138.247
26/05/2023 19:37,59.63724,53.80725,61.14847,0.2991454,0.2991454,138.19736
26/05/2023 19:37,59.63724,53.781242,61.14847,0.32356495,0.2991454,138.22299
26/05/2023 19:38,59.63724,53.80725,61.14847,0.2991454,0.2991454,138.34949
26/05/2023 19:38,59.63724,53.781242,61.14847,0.2869353,0.2991454,138.29987
